Player,Kevin De Bruyne,Kieran Trippier,Bruno Fernandes,Harry Kane,Erling Haaland,Martin Ødegaard,Jack Grealish,James Maddison,Rodri,Trent Alexander-Arnold,Bukayo Saka,Solly March,Thiago Silva,Pascal Groß,Ivan Toney,Ruben Neves,James Ward-Prowse,Riyad Mahrez,Phil Foden,Casemiro,Alexis Mac Allister,James Tarkowski,Declan Rice,Gabriel Martinelli,Bruno Guimaraes,Mohamed Salah,İlkay Gündoğan,Fabian Schar,Michael Olise,Lisandro Martinez,Eberechi Eze,Pierre-Emile Højbjerg,Thomas Partey,Roberto Firmino,Virgil van Dijk,Douglas Luiz,Luke Shaw,Leandro Trossard,Kenny Tete,Bryan Mbeumo,Moises Caicedo,Aleksandar Mitrović,Heung-min Son,Willian,Kalidou Koulibaly,Gabriel Jesus,Dwight McNeil,Mason Mount,Mathias Jensen,Diogo Dalot,Cody Gakpo,Granit Xhaka,Youri Tielemans,Bernardo Silva,Andrew Robertson,Jérémy Doku,Joško Gvardiol,Julián Alvarez,Pedro Porro,Ollie Watkins,Conor Gallagher,Morgan Gibbs-White,Matheus Cunha,Ben White,Cristian Romero,Manuel Akanji
伊藤 涼太郎,0.7164981146646396,0.38593085198603744,0.5545325197361536,0.40388792100423065,0.14321786271606576,0.2997459574569763,0.3460878456768063,0.8807318509122678,0.31755185829675814,0.4696314226855181,0.06066398007582605,0.18601576707807715,0.02259058601962159,0.1291585805276762,0.5736152702267994,0.4915758660702456,0.6385487562329174,0.39056283761944044,0.21725145052952827,-0.13765580097215477,0.6697010348600515,-0.543533530379621,0.44656579027814003,0.26044977938108316,0.32909098184552243,0.4544126652946267,0.6046671423621198,-0.2596848653806047,0.5678792989737096,-0.38596098355823244,0.4571452212332729,0.13224671391589224,0.2527554019447798,0.24334417197984146,0.03783818146960281,0.32002989303106905,-0.08817293365019672,0.075356825301234,-0.3267944800699004,-0.26683467115954973,-0.08920506016826339,0.15641091293120243,0.5591970716725831,0.7780530774411157,-0.03846513644881722,0.035498042823575444,0.011412438489885345,0.6623706348767276,-0.23490715213820523,-0.23589798391915445,0.35141701164492817,0.01833824882107654,0.20577818437322373,0.43228210029990943,0.4561357532754133,0.2984173633650763,0.1773767621219012,0.6489275052983464,-0.23554778804596035,-0.4296388458443274,0.06684295685567035,0.0004820133035337482,0.10671375063466113,-0.3069698368089612,0.1630781874496093,0.26030644569286443
満田 誠,0.6631437321000988,0.8379582343653046,0.5202996695544787,0.4250304977628651,0.28756613656496727,0.5517977818091807,0.1781832698491018,0.24270109111698857,-0.016509404485319634,0.680651109808206,0.25955406116112173,0.49207039614354936,-0.501248308159985,0.20154552232373482,-0.031622678235355785,0.38095088040365344,0.10262670333199776,0.5961652090874244,-0.22242102757089183,0.14601329950204267,0.18515619407078457,-0.6151017622073698,0.44169690953294394,0.11386676802147792,0.20399472065890878,0.5840850568818753,-0.19668048868442506,-0.3157952951799346,0.49529944493640077,-0.6337530293124408,0.38727243093157787,0.05217787949158979,-0.23661882475973667,-0.34930517885260204,-0.39130713742908163,-0.0795436427061926,-0.16722978846590064,-0.07396526217227134,-0.07243712826369021,-0.0841266567648191,-0.11459682962162426,-0.05019382615875884,-0.044565041528495226,-0.17278653431600222,-0.3982663656751713,-0.04316728825130205,0.22527292760087098,-0.05440519477967893,0.2606998710302131,-0.2697560381986592,-0.1266113777079205,-0.5812940002891082,0.13989854196270005,0.21039423761291107,0.30751906922941324,-0.04131076651211647,0.09932498463282859,0.10276282318317333,0.6782395311305901,-0.22561254730244373,0.2418994561463767,0.21091547884840553,0.01155954934826092,-0.6188319813424152,-0.2957022972550872,-0.3176821080357835
大迫 勇也,0.6405034861820507,0.34028298034494053,0.4054330867561314,0.4513380355898415,0.38493717872444744,0.5700693097494893,0.29420687344982005,0.6880773354856599,-0.20084902072140584,0.3933456281806278,0.5258064316790132,0.435281550827066,-0.3950330375268125,0.30260279873189444,0.8255416470109006,0.49042645862088097,0.5690963139620274,0.3364057795433996,0.296627620229876,-0.06884203308261601,0.5884585454810377,-0.0580468453978383,0.41085860435138555,0.5917472585449367,0.09108017020324843,0.3217356594481754,0.5057396606404154,-0.05071933537878636,0.4273450025342691,-0.44253526070550453,0.3548711958201256,-0.18933898585343778,-0.33507200727785685,0.17566490832296675,-0.17400758357199314,0.5011058990778379,-0.27826670366003614,0.19533153421245472,-0.32807918557161597,0.3014430407395377,-0.29493616720239835,0.8758105800691737,0.4346507771282297,0.510963925737268,-0.3699715163100365,0.8191751629529368,-0.02839920729131854,0.5449771162633564,-0.1484161366322782,-0.42355463600807713,0.07449577910411387,-0.010418221628870811,-0.14717889391065966,-0.035761249215460506,-0.24077551088418048,0.2315676916679144,-0.03831877762334288,0.40525104661948425,0.018853596485922847,0.8676045828813849,0.04732566506040914,0.2830140934116247,0.5741160726487864,-0.27046242215300265,-0.07405081301618326,-0.5058475865379808
マテウス・カストロ,0.6286260908518257,0.3900045415428291,0.6045340081055841,0.5308990710695087,0.3183576647291592,0.42150082305305736,-0.039728192440716445,0.8807163921970201,-0.6502527289147105,0.4169885517329196,0.2900060029569087,0.6821360967715298,-0.7216032926089239,0.1625187851714328,0.5218905204635282,0.6639999752704451,0.34075979098841863,0.4939791098727688,-0.18652700411599557,-0.12766900947092116,0.41374427973576416,-0.7442510270907383,0.5479044843647247,0.39010655494778157,-0.15122771990943631,0.5138838415483883,0.051218616613217006,-0.8836064788505802,0.7439706315787225,-0.8702363042464343,0.5863036966616659,-0.4367626933292879,-0.6469606576155726,-0.07237858883445682,-0.6787276037225349,-0.01465998846536996,-0.5387247094953863,-0.05611727808523734,-0.2044992418860448,0.41895638060708884,-0.3004993436727056,0.5320885260239974,0.45992732573905765,0.37070055370706917,-0.6821963659620583,0.40301027759186964,0.37663448649805636,0.4086998680794473,-0.031619753325644796,-0.6467833114682319,0.28169892515469236,-0.6690785233512394,-0.03206832562215408,-0.1146835017649223,0.0176037624996057,0.025143274479162776,-0.6768510263840267,0.49246877118729326,0.1878754220383905,0.2099856494024387,-0.022304158633504354,0.45774448801861134,0.5017570755372704,-0.6564705928894703,-0.5415999902492995,-0.6591081591578352
脇坂 泰斗,0.5473943986438957,0.3981418053242289,0.10390951622204798,0.05703823099425176,-0.063608557415709,0.3132225452117393,0.4520115560721664,-0.031476318125560926,0.6609542762626848,0.4445859971601314,0.10997922012349295,0.39389909774208437,0.2984813979248942,0.48526063085271715,0.0847921789273885,0.09896080167664044,0.142586348138246,0.11826835711271538,0.2829020030850268,0.32585144110827896,0.36859796200954126,-0.4956679131294976,0.1212274691374182,0.6087005962385228,0.09803506551903014,0.21357604532834745,0.4962921151396769,-0.6314261609538946,0.1538437255352911,-0.08419795397138814,0.09762158806626088,0.3526894960146117,0.5798169488368442,0.26448256496638534,0.43039155246454214,0.5329478420281708,0.26564610768101704,0.17790908584007173,-0.3112290014743015,-0.1585428576879477,0.24972754123563803,-0.3363809764104241,0.1160048315558998,0.32212139726919753,0.39870719859012804,0.047543353557169724,-0.4693159513668269,0.06481923658631007,0.0956220942214547,-0.3428248599268018,0.15207550958883242,0.3778905616191487,0.3141452958553251,0.6753516591187454,0.6050577293526723,0.359230294147113,0.7643403182221694,0.6636651634264381,0.305014747071802,0.1843465914000748,0.6495185083183277,0.26177380528615407,0.3207701040677137,0.27471297151566537,0.5070143023741032,0.6604086570594615
アレクサンダー・ショルツ,-0.3407200273755072,0.11043652272986079,-0.2322771614604714,-0.14824294275801375,0.036782281997340426,0.04993551071575473,-0.1004272531956821,-0.3863781556969675,0.5386237788793007,0.25829768415161225,-0.10791025219157921,-0.2740526753190803,0.6495466864693135,0.6004223855145318,-0.26425559895441925,-0.23463575374686535,0.24609708388371085,-0.08639244285957036,-0.0016102094894865902,-0.035297887746738914,0.1588609920944685,0.7452282942256343,-0.21514357174750945,-0.2014328916738461,0.10954374788209048,-0.15535722504924426,0.07596068114467536,0.47576535323219904,-0.3730498630477138,0.7040645068121718,-0.1882785385020819,0.5195631190659674,0.5823303177274403,-0.48219754523348723,0.844824318333308,0.39698800983766397,0.6362624936212583,-0.5178994512964509,0.34691727579613113,-0.5727754674249447,0.46946705429879926,-0.46520450015316894,-0.5386141483469062,-0.2678078382160993,0.7041451792409301,-0.3378581475524045,-0.3951564528054032,-0.2941338102212636,0.047403317055954255,0.4933319072200483,-0.47616529028815885,0.30889919751830835,0.060356720751463325,0.17926729955608048,0.3493036148848575,-0.261926873221702,0.7671683997065193,-0.12299064708610047,0.1946734310455694,-0.33234047349932977,0.28058014139050025,-0.24949380078874844,-0.03592910907109734,0.7954588940281687,0.5000668456803029,0.7129698466749504
町野 修斗,0.1456283363714232,-0.5070617406624583,-0.4103094195799846,-0.30964249971474833,-0.16589771840320758,0.24657009353404669,-0.02469279782922481,-0.06071697833121794,-0.17371473705036128,-0.33273984025294845,0.03179623579630015,0.38894217775254875,-0.41487259642288243,-0.12151822351768604,0.3985730963242116,-0.2969484900171156,-0.17509257806095438,-0.5290454058218841,0.6935309673361244,-0.440993083094757,0.2282858556238076,-0.48820760506933447,-0.37841107734145535,0.6719894182047242,-0.38783618092803074,-0.4359493246785034,0.5102260817811537,-0.51718903841793,-0.43721081998260986,-0.37845647388367554,-0.4602539192490282,-0.2407337122062204,-0.25452575125908056,0.942243142111483,-0.013875972079235062,-0.3201674314911438,-0.4224206288919169,0.6257489818134071,-0.516451777333481,0.27918972198165537,-0.2741735816346846,0.7814124845153688,0.5340700173004453,0.6465064384731843,-0.10728737218775194,0.4444040789123196,-0.1481845096538504,0.7512476833142123,-0.29720339572600096,-0.15908599512111243,0.6711020889452166,-0.003230549144981449,-0.2634671635670569,-0.2789201946779296,0.05842074912346382,0.3412175874941924,-0.4977067859259221,0.7487620543279367,-0.67587903806589,0.5357992118476237,-0.5905207648152481,-0.336446297868418,0.31502129321701305,-0.4054252796058368,-0.5827496480545601,-0.2332045141910045
佐々木 翔,-0.41022609384568265,-0.18775630788037367,-0.05635566921161218,0.09982928082163475,0.26030927034875784,-0.448252919776237,0.0802056831814934,-0.402806002822644,0.4978149579962963,0.0034184273886657753,-0.5031908291945828,-0.6723615730581592,0.7123788704218236,-0.5208594897205803,-0.23076443223801288,-0.0956277335450367,-0.18521400687985093,0.18464136087027483,-0.5235386427137185,0.11207291825277249,-0.023991576304562588,0.4374928630671822,0.030622263230413452,-0.8366561961789374,0.526427313331348,0.07775303445935393,-0.026484773661395185,0.3436692154947063,-0.6374576757998242,0.4163433087026483,-0.00013125349582130815,0.5398145417998076,0.51462348824624,-0.8453642767773152,0.6622453644500961,-0.22814407853594673,0.35838830879616307,-0.6778465273387548,0.38107015233270547,-0.6806871300066347,0.4196515270028303,-0.21065706268012113,-0.7982321205016742,-0.6241393448544839,0.4802245674050223,-0.17920038642979244,-0.4672471348219415,-0.45791820984098686,-0.3620646025755207,0.3421745842176968,-0.6291368540528376,-0.22143396230141377,0.09494898584549415,-0.10828244689679595,-0.20996788919629927,-0.26226900674460646,0.8066198111647381,-0.6228185641111211,0.3946729647862669,-0.5287240629262112,0.36058637081250433,-0.4731330666502297,-0.45323393907165793,0.2950453578727982,0.5217697030094348,0.577059273259652
エウベル,0.751913539634845,0.4225040087933152,0.40853377429693327,0.3012676129638117,0.33904605722513287,0.4008475404890679,0.42820537760173805,0.5448293045513505,-0.31369696757696514,0.1951224720665721,0.3803521963471177,0.5341163887166838,-0.3636127775445509,0.21273412174180678,0.6458074805143555,0.5153777843115424,-0.08193008796939458,0.43544710935927367,0.39545081754408473,0.07058549217308159,0.07262308334797195,-0.31898642365420915,0.3677518925972898,0.4063459702680819,0.06274507017836578,0.47612820616476925,0.33423650889730266,-0.19555094553926267,0.5653836198383534,-0.4023619637433977,0.4116814966100734,-0.33715075765729935,-0.2947503508250477,-0.08148866439952786,-0.35453722072347993,0.2545128942192762,-0.3937290221955453,0.5259356573824318,-0.009041041354524815,0.3496138892710074,-0.3513944140517267,0.470058816603013,0.19674210022471733,0.07325284090424171,0.3567606684687677,0.6110154794458587,0.4316810870550547,-0.29222788994925003,-0.05861410471173955,-0.33789021264155933,0.25563436990239113,-0.07160853656881569,-0.12119495379723849,0.007682240455583981,-0.28288312453250836,0.47516213510756744,0.06505452767133174,0.5486476882068633,0.09883108054413582,0.7673042558905925,0.39879002165314453,0.16946063453809623,0.546753946094986,-0.3765375839381569,-0.22005917892819452,0.21146515688103465
岩尾 憲,0.1740220621457798,0.7749556409541746,0.21029880700548725,0.1320328238498477,0.09084038295287818,-0.2829130748625488,-0.10454697922918513,-0.0525871287990213,0.816138698816427,0.7781595319213184,-0.2932847541583655,-0.6663871126397167,0.7634872458094742,0.48459740673950663,-0.1561456270207002,0.07469928583980054,0.6680470447397333,0.20215054940873323,-0.2010282971767429,-0.012048989615521359,0.2793885619184902,0.7092477983754406,0.14031232446434266,-0.3498613180993132,0.20665460316511805,0.22697565157228974,0.5892965640078859,0.7069698036105125,0.1285595743679431,0.6684924550919309,0.1533091783531438,0.7980784669629856,0.6497516809579525,-0.46924444547606037,0.7265848996205806,0.5462725506696773,0.5827558108704793,-0.07819971418199266,0.22405472513827743,-0.5912311046032055,0.6191258186630197,-0.7701840759988193,-0.28191310946434395,0.3364996457827121,0.650923467443281,-0.8322682358992427,-0.30152580276282,0.06783284276734977,0.4111582860239267,0.6009916521901274,-0.6443267261010553,0.47710752615132346,0.2488738934489935,0.7340211820965917,0.9173775761455808,0.04265353024458413,0.9007739876050608,-0.044956936044842945,0.45936786285476106,-0.7872553740533327,0.5132103344724723,0.26902713046188537,-0.34278139643359873,0.8303779400408077,0.7019320534449852,0.9774196615487014
初瀬 亮,0.5872325994989667,0.9233434020324913,0.39644404071992445,0.37547186110029535,0.3686921543718883,0.23963256323934914,-0.3692671220465918,0.3910476520823679,0.2731001817613909,0.9096129148490866,0.13530930154437953,0.10066521981915144,0.08139092456769326,0.7973659110062583,-0.0331134339205127,0.28995661850886245,0.734489381952124,0.45172368463699897,-0.4012660062925482,0.28444790424343624,-0.013415984473668903,0.5176386062705373,0.37040124619886977,-0.49376590830202904,-0.017748204725929296,0.47491783084097006,-0.16499470487405613,0.6275579985431634,0.7069960236581962,0.13356027433718862,0.3688158207555993,0.3240574837064438,-0.18801157650090675,-0.6123399069545659,0.3216536102893134,0.6361924643549838,0.5811953080759326,0.11334474744795386,0.29029532544577424,0.19080416436899678,0.34479284236583874,-0.43158730255813343,-0.5606463199742089,0.05443016059148933,0.12454125965822498,-0.5777867721651678,0.24483541430823186,-0.06436712172385015,0.6198136507315704,0.3192033887420333,-0.7859450440297739,-0.11734857295544711,0.2718089265525558,0.22933214641637292,0.7625356536082986,-0.44101505465998625,-0.0256816527412198,-0.18831459305054707,0.7756949297436571,-0.34952443956865015,0.030978560050959583,0.6646775183899928,-0.32772029922372,0.2992151047469108,0.1249269003200946,-0.19472387941908914
マテウス・サヴィオ,0.6820972293728489,0.7617945905907675,0.5468179786849079,0.4406808985396304,0.3786391549293883,0.7786762739839271,0.26297228956523905,0.8696653077072348,-0.05488485391068508,0.714004170796387,0.6604638049926775,0.664966807708604,-0.780616502855658,0.6137485893594714,0.2952836049880375,0.49314646428576264,0.0817820419150913,0.528881075223593,-0.24704246582126946,0.10980538326479354,0.613673818002709,-0.5718024832123765,0.5579059183881775,0.5181282492271676,0.29745727309236797,0.5332754507137614,-0.32561882141354526,-0.32494755443206946,0.7361591144933125,-0.6595734615745538,0.5259893495086813,0.05899140577976258,-0.4525073850243978,-0.37889712955544125,-0.555454683125193,0.37081539114329,-0.2962928380422888,0.621652101462947,-0.14215566636111918,0.6839717155135981,0.2003658464924504,0.1660069116979366,0.3235093638332136,0.32007705069511827,-0.6563071944437954,0.34419566077161023,0.6476666725520188,0.06341941457214739,0.5833948228257929,-0.475760641459005,-0.15687715488598736,-0.027021290898705863,0.24820709293779206,0.6268421878523919,-0.03863373759114938,0.30898756698483865,-0.12849791099776464,0.7085488873912741,0.7983556598795948,0.49931867761789633,0.6173911985692041,0.872633084829501,0.746230766228673,-0.23336563036456984,-0.4431929730774656,-0.5028871203622256
ファン・アラーノ,0.45623430420359434,0.2984671444854429,0.5767587369707375,0.45417342240794717,0.3558062803555711,0.3539575361538204,0.44085965409494776,0.37761438298462596,0.18657071153545873,0.11669668783806551,0.32168295410239145,0.4129320449420718,-0.7460231543674849,0.09364692394963721,0.4989224522646687,0.5656448544274069,-0.1518292988289974,0.5743814424072861,-0.1139755728392534,-0.0583972791593146,0.3758958195555707,-0.723365514598859,0.5726497077518141,0.44616999996388723,0.5668567021419288,0.6052707006624051,0.12055071662476641,-0.7721931310264061,0.07490702365719212,-0.7107488512504088,0.5899967571162168,-0.10064512195859947,0.13657440843720664,-0.4192210579717793,-0.8492520034166453,-0.11099812578932147,-0.15845187114302803,-0.03414963254811933,0.022011357309119524,-0.2191605243003372,0.281859095665166,0.37960380158957285,-0.029559766796499333,-0.11852299788405798,-0.4021395248980288,0.5784475548600031,0.051886118448683204,-0.1068035959296099,-0.22024207228248255,-0.5103793130191153,0.022810298032263712,-0.21587152217802305,-0.25351413770613135,0.5701494622443688,-0.33293361633359997,0.5366216759197815,0.45267033301015586,0.44063049476271693,0.2586793257109397,0.18734765348721105,0.42920617934759775,0.4169019984615094,0.7968203401066224,-0.49230902347534494,-0.2307216670985084,-0.1412500101704258
エドゥアルド,-0.4554952501799129,0.23180226940931636,-0.1536169021065311,-0.040023858812655744,0.13241981888313017,-0.2621394887189057,-0.3817556362635779,-0.49707263446589417,0.7255465894774294,0.5416948130501208,-0.6555311895862352,-0.7171622201707288,0.8220014837368462,0.11665803999823399,-0.6339836740823575,-0.19090873124310104,-0.1997449686510844,0.01939504227519903,-0.3838432892650167,0.24396955248541072,-0.013404187728937412,0.33922451799281605,-0.0948687232094017,-0.7415269550745166,0.06467526146380899,-0.0759325177272523,0.11524212618538138,0.13739254568063822,-0.23071888210359448,0.6086801324986002,-0.11417477402277325,0.6952847344496547,0.49732268342758573,-0.5408427958590012,0.8518927586133244,0.1380006285938827,0.2443067051872395,-0.4611567883171408,-0.016860875692745438,-0.6722080062091828,0.25256489709808155,-0.7831405103950789,-0.7827126259114138,-0.6042700390855512,0.6522457849495006,-0.8126813211072073,-0.7081874407643833,-0.6487227749784467,-0.12771121382833087,0.21745493455124776,-0.702349986409513,-0.16104220539745576,0.3925715159933903,0.18151393538240662,0.04587775223382881,-0.5233279362046697,0.6415180524499846,-0.7108322646568649,0.6143254399187452,-0.7307758245532624,0.4101021357682011,-0.5719323323660058,-0.6567252418762921,0.13017740151417834,0.7867309998565969,0.7836389124081418
伊藤 敦樹,-0.5117394698651658,-0.0856879860908529,-0.505344340056351,-0.5363710053666522,-0.48787010673341685,-0.09433395012158852,-0.20909950242294534,-0.3292972695205799,0.34485461695682884,-0.30683977600294754,0.09622100168498611,-0.24461682612210142,0.48010174289694846,-0.2031496442440408,-0.5082980117704707,-0.4283864942782547,-0.0678600376881178,-0.45669685556279577,-0.22591377020403028,0.3242149812495776,0.1258067398424549,0.28696708478586497,-0.45997658484446924,-0.3782627491057728,0.21742371247301664,-0.530352785680071,0.23350052654704304,-0.061275162933342474,-0.15112001426174393,0.40034716131506565,-0.456140659728067,0.3780203536489169,0.296085154794788,-0.23056998957900918,0.29083539596430025,0.28772830053975673,0.13210112157334947,-0.19007477560813893,0.0038213751884382742,-0.3622599443466396,0.3619005889280303,-0.5695221635919672,-0.4849976902661877,-0.46247848127680924,0.15440737787717385,-0.2254489439591529,-0.16229127023906562,-0.23972368427736704,0.103027458109648,0.3851578243217855,-0.0716565402360943,0.10920668512807152,0.3314683975223144,0.07148323414130085,-0.21115007181100826,-0.13283249527357902,0.28553793551716006,-0.3581226090334545,0.3985778339302102,-0.3981194482464117,0.6219823826835471,-0.17685537938453733,-0.5080289353290682,0.1336847610753428,0.4038969908222917,0.4452054051873675
樋口 雄太,0.671277590612415,0.8139502361583897,0.1285804089508852,-0.03513775116777452,-0.4259165538983986,0.46683356179928215,-0.15492764159627828,0.6088179437806494,-0.0796827933119922,0.5289624623158808,0.1013235218984489,0.09543408343086861,-0.36338765309826243,0.7465628456149775,0.20673448680306133,0.11468683478496751,0.7479536447371771,0.001336752330687414,-0.1817770709931156,0.08771048047437624,0.15862934314324437,-0.020747924002995227,0.03391103220968097,-0.12352132094774805,-0.09084740488038477,0.07077710281883956,0.24286023536589946,-0.15785696181701725,0.9202357240391995,-0.43202486644823895,0.11983663285808509,-0.1405424531648659,-0.2362290247826316,-0.47638389855400326,-0.06320075064139756,0.6419460487400777,0.14300466376989124,0.1104116316643602,-0.04340040887892074,0.056965206456396016,-0.12445590797874866,-0.5619274321123819,0.261082313995165,0.3286561941732686,-0.2922820625294878,-0.22414334733199637,0.45699429433146666,0.2926754413959485,0.38031635847922235,-0.42586640162065564,-0.39067554868298204,-0.03668057612087483,0.13929357640262793,0.13935310584338623,0.0941706600210082,-0.2548303711484629,-0.2557508516261594,0.3292902410716877,0.6139482603679028,-0.07903399494787006,0.49217084256868027,0.4285892552214007,-0.030743806632786204,-0.11978994387825272,0.21725747357139513,-0.2787847771033442
武藤 嘉紀,0.6566926983157368,0.2269100665887108,0.17151110386027668,0.1335751670176386,0.14718727023796604,0.8032073209348853,0.43417088364335515,0.2653747312418473,-0.18915303133953343,0.0736895599114557,0.9734908374136407,0.7813811354440989,-0.43926951388258195,0.3585882135344749,0.6678824383357206,0.3807123407940891,0.09794465884520061,0.15292248457670837,0.1419357086345138,0.06779240694684847,0.3505199690953337,0.04446104488589992,0.19190901425565715,0.5389386350582537,0.43001787544362746,0.13655496526023253,0.26465226736036196,0.33212352455459027,0.5349979269495736,-0.8018275585357619,0.19819095426818992,-0.034704938911254694,-0.48139100595586837,-0.6006719927084495,-0.43041603132585576,0.22199227030805846,-0.46108370868127735,0.6175111510193455,-0.31915855068836996,0.6740772528115272,0.05828122709780123,0.7156447557369179,0.5302448314114886,-0.028991400232870414,-0.6062796103814142,0.8502344596299795,0.5150553836147386,-0.21266732970609023,0.03154981461806647,-0.5098213785273182,-0.051435113471746785,0.3950577181823152,-0.20894682163229955,0.15660563718709875,-0.41657128805657,0.3795160112807817,-0.08932756235433559,0.4746110984992947,0.3558749873616743,0.8961320417161854,0.7117789767702862,0.49476637679856933,0.4134332782343468,-0.30718752623791745,-0.24482579849173852,-0.3038955355062377
金子 拓郎,0.41735154201962094,0.5162958355978721,0.7849111295322957,0.6960516797232646,0.6675777820646842,0.4713479465259707,0.07501160202802186,0.7177841223345217,0.014391414599916096,0.45710204025945955,0.2653605867424845,0.28485369333635363,-0.5137122109906122,0.05836026926659595,0.44395251209817865,0.7216193566742352,-0.13705590123184258,0.7548151804211479,-0.05311493144737318,0.024618121130273188,0.05890036648060905,-0.41993140773211174,0.7461914108144142,-0.0015018769514323616,0.13157498660798148,0.6967824357267256,-0.1767280546902904,-0.447441118710698,0.2863106598341138,-0.6466341823222572,0.7567380054429376,-0.09044346375554353,-0.22616251799747877,-0.3007858437326614,-0.27383498399787276,-0.02698023877504884,-0.22931994873165812,0.0645930572620595,0.07736600969964957,0.1427116773658064,-0.06856471371021906,0.25909430733478567,-0.16107386559610382,-0.1500035810809237,-0.39923943082753827,0.24644430804922673,0.3438140923717613,-0.17510833028920073,0.07395279708137782,-0.2759820654762452,0.060179447567967566,-0.464803029743117,0.42232648373494924,0.04990455700344653,-0.011932110285343965,-0.002279942611690242,0.22424230380372845,-0.33891202999238434,0.6335539113753984,-0.04304093376560409,-0.1392838059864569,0.05846786877511019,0.16192336394594822,-0.28483708891612497,-0.23716705767261642,-0.3643420107518687
大橋 祐紀,0.04873904636028038,-0.40581633372040615,-0.05019607621473426,0.07829637218982119,-0.0050441068346482485,0.5648551185224431,0.3953118997352567,0.34077289326787946,-0.1264594636489155,-0.4674539439501655,0.6240678426916955,0.4589869741126951,-0.4351614540138843,-0.08331396120151424,0.9562254788551547,0.09297797492943428,0.0525511420345377,-0.17596442028790532,0.30173250670577584,0.047258316069428055,0.4837692579525424,-0.4813435356467489,-0.07322867994496281,0.765194665324372,0.5145006113182526,-0.17964082602178494,0.28632370998342976,-0.3548704212588558,-0.021589532391935947,-0.6085275387299557,-0.05720445580457266,-0.24425726505424059,-0.13154633590603643,0.323560308484472,-0.5289387678939688,0.36837659781257737,-0.25018180904659226,0.2867033243119412,-0.24191935153999253,0.1516340209187454,0.03473538144247091,0.8645817491561761,0.5626000521485123,0.050252549164251814,-0.28220706126266804,0.8341079251276716,-0.14186242027642643,0.19390634072012547,-0.10868317276409349,-0.5315957221352523,0.5847247920360625,0.10503620928802526,-0.17688862072963113,-0.11991326061170393,-0.1617545512607775,0.2423654247393519,-0.4274161723795209,0.22478683637399635,-0.571980211191561,0.7043731464777687,0.3414248982917065,-0.13316539338527167,0.627189780837191,-0.3530119196925508,-0.26339891497444745,-0.30920202109882844
マリウス・ホイブラーテン,-0.5264055922797436,0.10713043280071666,-0.2458974605239274,-0.10357766691321106,0.014812630285070173,-0.38839523705532664,-0.37162950314053583,-0.5223496146585804,0.7489626067472056,0.2909070525080104,-0.32275348548470745,-0.6002473114587534,0.9551953555299815,0.4409200117955215,-0.4552813255578851,-0.2766760885991857,-0.022894546405615265,-0.15581008196423077,-0.06623767897072406,-0.08309861722589348,-0.028165798390397512,0.9484887669654797,-0.20556952786001753,-0.5651963672498176,0.09057624956492523,-0.17342768219121674,0.10546346131116781,0.6586197285010786,-0.5820365070106553,0.9832455589655856,-0.2520282412085645,0.6753785713002466,0.8255714049849368,-0.5031097915019166,0.9787720856993446,0.4732545452661235,0.5814141351597443,-0.5867876371709864,0.26925745998699835,-0.48110868609851337,0.4050944167678434,-0.49188547544731953,-0.5908673319409777,-0.2740254164506206,0.9740390501520849,-0.5971235123609567,-0.596425861032881,-0.3761641719514113,-0.04774604633045651,0.8349363564909044,-0.7013604172993135,0.7315588647407983,0.2558420920224906,0.38036637080591723,0.18600334757860426,-0.210618819545284,0.8396464870718744,-0.31652216309479186,0.03624281372711809,-0.6073920252739115,0.1406712517007062,-0.30620541240810684,-0.11055822233890715,0.4208699566551616,0.8446094137257792,0.8796502815541174
鈴木 優磨,0.23075987434685466,0.06294843287074452,0.40312349425339894,0.4502782440434141,0.39345571856735556,0.49783738690866475,0.6201948416126385,0.3684175568537261,-0.03800988517090019,0.005299955051237465,0.5766924195003474,0.5788685962761285,-0.491707500812888,0.2395809483334111,0.9646824240811477,0.43691258433378244,0.200348179471799,0.21225825545933735,-0.0016219647350280775,0.09989522887740862,0.31528304209377866,0.12611702395058103,0.307283375146214,0.7917834943131882,0.647686974561799,0.22598835389076444,-0.03802312774468412,0.10162850410181339,0.200247223802889,-0.36127595770515414,0.28943875218426873,-0.10518163118696582,-0.06655406648696713,-0.1315137550876993,-0.4005533505206259,0.2497567674802876,-0.0004946201737600218,0.12148270013549456,0.08998065729996342,0.4299636211933445,0.19645207320281696,0.8695330347562009,0.3089500792919372,0.11508827596586607,-0.3428679516687115,0.860634427127587,0.07288260304869103,0.11574649006089223,0.041298448495846206,-0.25594250896333454,0.023073852063314162,0.4489473563734872,-0.07860001833944116,-0.054156217202825895,-0.44131777398085636,0.06822918242096765,-0.6008306222335488,0.17239109953006437,-0.22249042956567194,0.695752868662368,0.1732195483634668,0.707211940650256,0.6666346051500311,-0.04612256822130487,-0.17152272446161193,-0.4716645428209058
山岸 祐也,-0.3988123304012177,-0.23689354962600015,-0.17802564971013643,-0.10907741633311561,0.05920328596666949,0.1324988427693508,-0.10033746345812514,-0.022039799990558783,-0.8426158172094169,-0.4781101915188325,0.4691658667163322,0.29770459937551264,-0.891479526520525,-0.22562576077914429,0.5615918598935606,-0.18796186563830022,-0.0940843029723394,-0.0747274106201077,-0.30152115936572543,-0.09624683047175119,-0.37937233578586327,-0.027287627912273505,-0.12941428029133573,0.3231375345432973,0.10194681095092806,-0.11722259662899298,-0.5886676943607969,0.13132732833795788,0.1264186928811257,-0.7365163984214897,-0.09677196457907279,-0.589824951338918,-0.6797461862967417,-0.5452286884452529,-0.7101690710636938,-0.03837276009572012,-0.3716764890161757,-0.06136313387324675,0.0638021928936132,0.3283650566541744,-0.2780248706805942,0.8872944245830903,-0.3011785680677141,-0.3577434951093401,-0.722709268279437,0.5713362942633902,0.08227541021546422,-0.3024155153949813,-0.01526653824260197,-0.498370732210735,0.24323267068740623,-0.21935254218565475,-0.5560343994629184,-0.5175460394300103,-0.6332291627329989,-0.5009200900210196,-0.7219485547562396,-0.2977838430431309,-0.18183525088270894,0.7139737333462036,0.06571549833685723,0.2045018136191138,-0.008566455639812376,-0.3839339735567467,-0.5862054452205996,-0.8293991492167103
ヤン・マテウス,0.6603616344828945,0.19884662992826743,0.12652326894140825,0.012713504923451068,-0.04775776786631265,0.2973514059787399,0.5774910242252153,0.14593966388660973,-0.17555483366151725,0.10621948935705465,0.3530806023594236,0.530691596499143,-0.44149582724400543,0.1207585970015006,-0.2209547273465027,0.18356551915196925,-0.24194980982560957,0.02473925447473096,0.7373110633836316,-0.5605271734965135,-0.1774516890309594,-0.5055416548879937,0.11899141062027513,0.5142324930084432,-0.30642645582733896,0.04027005721847336,0.17701623404481484,-0.5594888559207574,0.5778226964652446,-0.47025751076495914,0.1220259088651945,-0.4262022795210942,-0.34766997418379736,0.9401248009439727,-0.4244370309565107,-0.1888542043852053,-0.5446534645046304,0.856413239019111,-0.3925894169480646,0.41532280463930277,-0.5782931569013603,-0.22719234425189258,0.43672158521487314,0.4623495876396675,-0.5808375122695776,0.05690376870627103,0.36003453025369425,-0.025129207515033437,-0.09098438949074056,-0.45195501227982654,0.40028612756610216,0.25310747995957167,-0.12305514074586424,0.23351914233889884,0.07090141991283218,0.5251758836330227,-0.3877804622739394,0.6064162084795043,-0.22349022518516662,0.40472004770789977,-0.35302064777528835,0.15673826202799673,0.17220269697609267,-0.5492970863654975,-0.5655993795509962,-0.3943668121726456
関川 郁万,-0.7710825580029487,-0.24766161861407562,-0.5542971952928036,-0.3650816533560495,-0.22194852980781998,-0.7508743032127956,-0.5119105259007761,-0.6534236050280725,-0.36603210220189064,-0.6065681961433703,-0.7294570427190191,-0.7629798558794625,0.7856580041112866,-0.3469860032710159,-0.7308774866251732,-0.5883337730213712,-0.44050734508378747,-0.40463049458859024,-0.1613913820033037,0.026353555299485375,-0.7712421592383533,0.7436852171694902,-0.5115863519498985,-0.8571470594369615,-0.5841996075048622,-0.476179718065165,-0.46546207748838386,0.8217017510544469,-0.4048924341498673,0.9521161478036224,-0.3812001469824378,-0.25113457533437,0.04780560826244232,-0.12986579032384699,0.7928921322482455,-0.4743716047109427,0.20614024629425323,-0.6597674595678791,0.22941915961961323,-0.6712427547727116,-0.56105373225374,-0.5508382114207008,-0.642610804466408,-0.321857615553175,0.7265433629355382,-0.8043594044511432,-0.35554080207142646,-0.3317366217842154,-0.3206604465821807,0.4629161335872295,-0.2960065991562812,-0.2640497387695168,-0.2216944158169463,-0.7829663947582526,-0.007845635535675743,-0.5229339354974186,-0.025753528883349107,-0.8990692281036207,-0.21764444218683068,-0.6237020864659439,-0.8995847855271585,-0.6221049360558488,-0.5924976176122606,0.29714198382735607,0.6009654801837907,-0.0470180687126444
紺野 和也,0.5741442746618507,-0.008540120858529164,0.2120567815999054,0.09031452054069777,0.050121376492020184,0.324327405556731,0.18549195173752436,0.28602123711779076,-0.5331431875634337,-0.00022059309044611365,0.12091902591735554,0.20798437022092958,-0.6246169825739544,0.140508748646655,0.2673235829143566,0.2095964787490379,-0.027045232165809927,0.189665137010445,0.550090945690725,-0.28951396709279353,-0.11800869658500053,-0.5798693900799998,0.0923581702385508,0.5013195369207258,-0.3216049937260973,0.28592438962955546,0.4676947067608615,-0.5950937769216746,0.2809418820688135,-0.6606805419866963,0.18950192037275987,-0.4658645786171426,-0.5324928047507592,0.36343344773647496,-0.6162578384815115,-0.21293687896946123,-0.5576090777317985,0.783193589726722,-0.5462683083919297,0.3202689969541237,-0.4575488983366711,0.166311917351017,0.5193562202630209,0.3640147358642276,-0.4303421029021541,0.22284713338894804,0.6562914120458652,-0.01426671376761753,0.2570895766216925,-0.646650977028672,0.5074061231225305,-0.18105672610123671,-0.16082926509270445,-0.024646011819072715,0.03163656233123851,0.5575523070520656,-0.19488561184057387,0.8326292676332023,0.028400388847360954,0.4431537029260807,-0.20357546539281748,0.1022127338431425,0.32600073032247373,-0.36280932180105696,-0.5126056383078436,-0.5104640319729751
松木 玖生,-0.44714446890179277,-0.04838419441847935,0.11297520042188686,0.1042134835833123,-0.04484714926183388,-0.5501689725418789,0.22070144028501992,0.20916383920672788,-0.03722942084446424,-0.2780610442948612,-0.25558872712263236,-0.1782756402424382,-0.42175846910543224,-0.44560181531979187,-0.10236767454012981,0.10254879893957394,-0.461180681979907,0.25900571506582803,-0.8172782773257985,0.5329515138677409,0.10499918518294954,-0.23549065595878316,0.15849300323547802,-0.738735161812979,0.5532502460984863,0.13204489275561795,-0.5506477173302957,-0.2757497684888259,-0.04315966522227604,-0.11134048565191504,0.17170861423798245,-0.14724169241653276,0.07031978798764059,-0.48758835712369214,-0.7138076010501558,0.2103408659237132,0.28292625268008964,-0.6643913461829409,0.625562954454871,-0.6583502032098445,0.37774707251190404,0.018382174692699274,-0.8434346793024355,-0.43314100044026144,0.1143961338085905,0.2722917218661827,-0.30482134377610265,0.07950787115556956,-0.35915580282903,0.009589829541124436,0.21274313557863314,-0.4818918750024589,-0.07532112812656606,0.017227609377892535,-0.15815874018054277,-0.05942443612328997,-0.10267766430734836,-0.7459716191898563,-0.1600243670289295,-0.8398864330398026,0.578754721082283,0.08141364172821354,0.08752473086248606,-0.48838949424455697,0.2178679031128979,-0.00821696158784287
エンリケ・トレヴィザン,-0.619024214454636,-0.08503191155111388,-0.183813220752751,-0.03053988730172853,0.12040747531009265,-0.5404352202396777,-0.6234141321469345,-0.024017381074208935,-0.46304937320122025,-0.26266306900616265,-0.45326837698259426,-0.4511115356145931,0.28664410647270205,-0.11279111916023427,0.10475977764294281,-0.23896609860138485,-0.28332342926259024,-0.0738628920419254,-0.7286308983297033,0.38425859145554686,-0.268450074757753,0.6158857176506815,-0.15960116929633214,-0.8368301071484058,-0.061776922404633415,-0.13327234318642253,-0.6857894905201204,0.3994745841817243,-0.36000648694529636,0.7399076865426867,-0.13506050096815211,-0.36282243103845124,-0.17295464813605854,-0.4119825208702578,0.4256152938707524,-0.12436072438177592,0.5688609421390853,-0.7913656141644556,0.7715710660429266,-0.43230629139154214,0.061346572110575794,0.20948196415592152,-0.9035694634176844,-0.8525956177008149,0.3566989051318755,-0.07092561835747717,-0.047068490531544036,-0.30977951614340227,-0.28212319252622053,0.6597421884230646,-0.1608964356518408,-0.5947801103369487,0.046706359771870334,-0.3784475184180278,-0.38596696693370275,-0.7181420783799047,-0.22860317755191506,-0.8079704799809875,0.19048254118444014,-0.3428130019856879,-0.14519801982379105,-0.10204051338952021,0.052658614461471916,0.11044697230440964,0.4173622121740514,-0.36944458493751436
河原 創,-0.09562076482481917,0.7809357855791036,-0.2674206666720381,-0.33846675074765525,-0.2873873642357408,-0.01790408468308383,-0.16321578960611663,-0.4364438178321432,0.6228133807758938,0.6552382360949602,-0.08432793710969948,-0.46402800803314975,0.5481151812643196,0.7241063406730487,-0.871337792370085,-0.33673167579073826,0.22766214173739613,-0.21988637750335419,-0.0672830666742865,0.1659927807046631,0.36895555208023606,0.3897959987885972,-0.2692455842668745,-0.21414141817882443,0.006026765145046735,-0.19483144130954766,0.16854794798274772,0.5996704863759864,0.04354913728954721,0.6676455902066224,-0.2514566526070767,0.6071134796130968,0.5785666901583482,-0.486938158667492,0.6687656313369352,0.44749763955521615,0.44647075880728393,-0.29362011546959543,0.2426929074832325,-0.15854512647549507,0.4418236796012072,-0.8779430841329845,-0.17409723285953577,-0.1928185442104969,0.5831710775280798,-0.7110810339632718,-0.29071162284205154,-0.42725744367912427,0.5388087290835853,0.2391881269593354,-0.5928389613331065,0.4188203668459507,0.41670452123945606,0.6521130946847309,0.5255809378989164,-0.4003243148000593,0.7370019117936626,0.022427278286167626,0.6613019813995612,-0.5130207080534523,0.6138312620306706,0.09629672873426337,-0.3543989451053348,0.6992731258151701,0.5929637460878676,0.7466791189411179
福森 晃斗,0.2055535386058486,0.4924385138910505,0.11416737681186817,0.07524284467814225,0.18289419247326313,-0.8128324906158756,-0.5607694659548065,-0.5499798638563428,-0.07057701402802173,0.5642975554421944,-0.7902447372590645,-0.539587276985738,0.418085715477544,-0.3073135398958015,-0.3132305850116343,0.002429827525841626,-0.32410184282886323,0.2495050921927946,-0.3492142647296786,-0.12694533530863142,-0.7654558834880377,-0.15932296102739485,0.1219475267744523,-0.8694239798198762,-0.3308205464148814,0.239548993142341,-0.19748748485085926,0.25030308861031314,-0.25651206555129963,0.015437178149616156,0.0913494956045118,-0.09113881218410311,-0.16607233385461734,-0.3083677465430333,0.2654437950050041,-0.3362182308651158,-0.07889640706735619,-0.42257509924269576,0.06424989379307376,-0.6304912860217555,-0.5129847579606532,-0.43270154227231666,-0.7994331544604868,-0.3585611329272505,-0.07127007808505181,-0.4553112444816343,-0.04913579418805229,-0.12645620248314426,-0.022857253578239752,0.1401863655253183,-0.46478809651849734,-0.816581681374437,-0.09208213062789954,-0.5773391282043105,0.4765821127657181,-0.3659887509338675,-0.2883636600546536,-0.5130186544238484,-0.17482318142868675,-0.42122949271275323,-0.859745050885461,-0.054121546482159985,-0.6704669774216254,0.053042763251629814,-0.34250636310032234,-0.33387610949058494
東 俊希,-0.30323328887533807,0.18451301030847903,-0.35679891091501886,-0.46520318749881295,-0.4643879571967102,-0.018658468354422936,-0.5613516331443104,-0.6329002809100602,-0.0259748060461777,0.3550795917050393,-0.611811610675065,-0.42035574578544294,-0.029544333229020548,0.27619383743110915,-0.7522719927155885,-0.4015482267030943,-0.03265990589218182,-0.34218693515810317,0.06135636977726853,-0.4057102116166925,-0.4457563380508978,0.039594621572835144,-0.35957102713172245,-0.2958723650069646,-0.5983648208115309,-0.34937924104554047,-0.17257498088996634,0.09775154467827425,-0.32708026509664284,0.11354080907543843,-0.3189340197139926,-0.17441737294523016,0.0882543560700355,0.49173043620777807,0.025295793904981163,-0.3973646574491323,0.24829591565987488,0.07731453996167416,0.03613604917189759,0.20457881233791742,-0.21795283111474492,-0.7791743922383895,-0.34335119156682536,-0.1070019801886447,-0.08951386768861877,-0.8236339653663683,0.24149910790511045,-0.23647733693759473,0.22042332801808692,0.3520363602253926,-0.3169826131097724,-0.10232285152236992,-0.024927660497745183,0.05919749436903425,0.36127142625115816,-0.48817597275181696,-0.36894919969045975,0.34533692318694253,-0.22478752370354696,-0.5928258815059326,-0.2358515525220855,0.043571428303808515,-0.5863580102108299,0.5112118419930103,-0.28876358454918594,-0.10504246832889852
野津田 岳人,-0.6199617679783523,-0.12966896118586677,-0.6495695568826798,-0.7044484347240085,-0.8494791585859757,-0.6992734434183959,-0.038302841789707553,-0.14550176689470867,0.6076874018282303,-0.2612612904102198,-0.6246587158124464,-0.7292081867553686,0.43537272036885044,-0.22647464687424343,-0.5453206624620942,-0.5723133110059055,-0.20497460832705452,-0.5605286047332084,-0.20970015529757832,0.3956578155033917,0.3823700634893514,-0.1653019561753107,-0.620544683347199,-0.8461290725177764,0.22017819063697167,-0.6116790157301137,-0.014884001282752173,-0.19279327954170702,-0.35423767808286416,0.27358441338455247,-0.5679780933970525,0.43983425497911993,0.6419660080675025,-0.10879144828911179,0.12140376488155594,0.2750737982645032,0.3886615623998907,-0.46479311728956524,0.34964268059886916,-0.4576199054166406,0.4672932748989078,-0.6478330130373343,-0.6919933365875683,-0.1158964176130301,0.5373781639043534,-0.6207372763311917,-0.08542924059065235,0.1888228565834712,0.31592297433150307,0.35022200192893393,0.13811122493191594,0.09689352183186332,0.30950492203430857,0.34853948483047414,0.551060617017173,-0.004569597483531749,0.21248670642346848,-0.3856880656860091,-0.0748068229518692,-0.8915540008826521,0.705464018406009,-0.10276279218708391,-0.28212735238975867,0.43603339998401425,0.36091390934896217,0.6687418293256177
荒木 隼人,-0.6937266958234445,-0.20420624044377647,-0.30257923475681375,-0.19095005370413407,-0.031037997814349974,-0.5117141579467971,-0.3310325205221752,-0.436401836513263,-0.2195547002073838,-0.517863805489254,-0.48034799431064945,-0.6614085542616497,0.23608082176558245,-0.7230759776121393,-0.1017936262791275,-0.2725303003794984,-0.21692802271547912,-0.16349633219141244,-0.6271412453227234,0.015882108640934953,-0.36875779082636234,0.5272125592473347,-0.2239772877966528,-0.7570701463086159,-0.3494390301438886,-0.3184796298041154,-0.3661485013803373,0.7210189067868061,-0.3768359582398064,0.3734630250315572,-0.2462237965897017,-0.3900401812265657,-0.2676491675742737,-0.6357380833614892,0.43427369155074425,-0.13941479184071334,0.2754452057187358,-0.573669044238443,0.3059050719004318,-0.642666465521653,0.10743522644906062,-0.08361016602619915,-0.5878207192044262,-0.6110702589002347,0.4143209798126552,-0.18887079643682575,-0.4854292682000095,-0.4333071155082622,-0.4755046787399439,0.3081642959860219,-0.3642696254849923,-0.48093475429084476,-0.24174668058637794,-0.8127605893761358,-0.2124571526638671,-0.59516079988965,0.011799531787749411,-0.7213039810727238,-0.24877735487913077,-0.32900649396363457,-0.6020335315498669,-0.414501089195149,-0.48595650863428,0.04403513476406658,0.18972631154955652,-0.1527860014961822
トゥーレル,-0.78658452926456,-0.4263173066835341,-0.7343498905498698,-0.6703553216059401,-0.5826712447708458,-0.6146132942288887,-0.5571839830960061,-0.5560350517012533,0.013196291277346532,-0.6923709376856837,-0.7678442962112947,-0.6742507597800814,0.40398756707727834,-0.2632548007421124,-0.6108654622722772,-0.7512921742473393,-0.4758838947217494,-0.7060154565545178,0.0966593736295731,-0.04621118634928602,-0.3319820224231356,0.44473309381168113,-0.7383333044296614,-0.6650848977743022,-0.6080631441766196,-0.7851310178587309,0.029005041338007628,0.17516704404799183,-0.3434093350211657,0.7117144627569802,-0.5693739836346918,-0.19426189422875376,0.2346599321027515,0.38251510601522426,0.641590055252479,0.018852462469362573,0.31773984229945157,-0.2151801430946888,0.025356184094863243,-0.5268425231184433,-0.12090468574579889,-0.5176900240097573,-0.672147117012329,-0.21007479355850897,0.7212093069331307,-0.7410210113685788,-0.14843646050077777,-0.0698606956442302,-0.27273481709389596,0.6181092132806997,0.17281189647145273,-0.22632107743151741,0.09342864111224246,-0.6732211756990237,-0.1255207449991869,-0.15756888952769907,-0.16125525804111537,-0.5928253356726905,-0.2795835326705868,-0.46947436974993034,-0.5808266646868856,-0.8636005768269192,-0.8598123306857438,0.24241149919957672,0.4275689627411223,-0.05735574044215759
明本 考浩,-0.5812043642423877,-0.6501378143798527,-0.22728093894373452,-0.2503330945907634,-0.10928763996257924,-0.47253716972713605,0.42299432680651905,0.07685035801465948,-0.06546217845075869,-0.8212150064943676,-0.011424710103263744,-0.5172599284818539,0.33145836421697433,-0.5021442886021479,0.022514715691720793,-0.30128449795269174,-0.4446269613284952,-0.10799619300756556,0.15544563747285678,0.07318484935528602,-0.11090049421390505,-0.07659308974604673,-0.24364994737859064,-0.746604966831923,0.6737815214286633,-0.139369229883083,-0.17113957039232724,0.025398646329455862,-0.3390659595161775,0.5816140842132089,-0.14851411435683418,-0.3207827390448147,0.2636393914934727,-0.39229507133214137,0.17307136820618824,-0.09600291672122356,0.2326725956169824,-0.48097295539940765,0.80581393241784,-0.5496801043060983,0.4025483096895604,-0.06942066691016746,-0.8949811014326091,-0.5938513067903458,0.2909088249246453,0.07294205089685389,-0.12183928727077044,-0.2920672562871903,-0.32516782874730954,0.3121396800323645,0.14932929575179368,-0.37638129059734604,-0.1518084434969005,-0.35936811872038704,-0.3014413809491985,0.28377707371121785,0.23357260060846954,-0.564765106495725,-0.39710340418081297,-0.475238090833558,0.11361558986229317,-0.35855389715427655,-0.006590461447367641,0.025521838105599652,0.37906153412938237,-0.12034658131095102
鳥海 晃司,-0.718657942889461,-0.49516514304867076,-0.6427754998948525,-0.7025413120491685,-0.46201704716905684,-0.7327319968358773,-0.2486406980204451,-0.7429367068613377,0.23633830569337658,-0.46380479179462153,-0.7341245745718158,-0.8210653619637857,0.9603582937419914,0.21922638985856702,-0.7871341180845186,-0.6201571208237576,-0.33622100205437416,-0.5533404262602885,0.013096306849085403,-0.14731339230356683,-0.24379673458410847,0.6715887861816616,-0.6113299919096131,-0.8322325394717104,-0.3218977630740037,-0.6154191601812694,0.14180587504068312,0.25389741093825663,-0.43861343111319384,0.9754495196208436,-0.5622623579103992,0.22345189001590243,0.6130693206051742,-0.25973307576767674,0.9608778467402891,0.11674978537695331,0.566954770430477,-0.624224645560591,-0.2220767015208036,-0.6384171718211181,-0.10180198144284232,-0.829613857256241,-0.7527856698103711,-0.24256574012157772,0.9680122293929359,-0.6458756458875742,-0.6773952797230512,-0.3337695021963987,-0.4794437013302464,0.47932684875161913,-0.4740701890434985,0.11739545437248557,0.13592101672646964,-0.11797029342578652,-0.09630634870750149,-0.40011686010930586,0.564379007814202,-0.3334062975074437,-0.11834443936517122,-0.6343872406888698,-0.010058122335144436,-0.6335963660949638,-0.46422418585527225,0.4678387053867034,0.9336549928239127,0.5960491135890537
ディエゴ・ピトゥカ,-0.12096266631182585,0.007791176606262464,0.21169574931633978,0.1732685146472617,0.16259821591896492,0.18054518766564406,0.1324430461130329,0.2804820625547309,0.47676664528106394,0.15945673561606685,0.007652434228551519,-0.21965646821565102,0.3114856436298667,0.020948372458394877,-0.0846371955644829,0.10585372932854031,0.09004758599113895,0.2300966695049773,-0.3269405585517967,0.5233586043699371,0.3325025767926369,-0.10343181287405574,0.14272758242807873,-0.4255245007415218,0.3622298464299548,0.15056145567551701,-0.05611007715680075,0.1659233531700866,-0.12402318415823976,0.06902666222398582,0.20975030559531715,0.23217627611365318,0.2560557766895741,-0.5845542342808608,0.007083967164659878,0.4928591665986994,0.22464274907614917,-0.4014890810366393,0.2883448196833522,-0.26568100655017773,0.3218986793330408,-0.40646225312015527,-0.2113526957668052,-0.1978991247997572,0.626927262738352,-0.14432879226802864,0.08223923743151022,-0.0984007869505845,0.0423372737084468,0.009602199144741027,-0.41056213036241446,-0.02832955189028937,0.13974156434677015,0.2604330498212992,-0.13181955170711307,-0.07087552672700462,0.2730557919631341,-0.500579086954445,0.20194814294102592,-0.564940606010813,0.7834072860422072,0.15209741931964343,0.17277265457652147,0.07624664349865405,0.5109090777413273,0.6815417819526706
アンデルソン・ロペス,-0.02840086961667832,-0.31742331372964155,-0.2561232391621508,-0.19039488635714308,0.017019119123047582,0.5940582064671275,0.18510294714630102,0.09402746678953529,-0.23328260953511198,-0.41759308209111395,0.6529135295046505,0.7255274314302839,-0.47502657032786955,0.2740333516638873,0.740446496790742,-0.34190979261767557,0.02865815548402472,-0.40074778371193165,0.5438870169087114,-0.05637629897285558,0.2560544038314771,-0.09415489306847252,-0.4976012121907046,0.9003376755373297,-0.19220833669613974,-0.10896157377137818,0.33330350890115684,-0.16418146375628362,-0.1736667415156448,-0.3589455751736365,-0.27980273049972026,-0.28514356176585975,-0.24300030886958252,0.6776984830521421,-0.14624764117916816,-0.11061495307840674,-0.31993728083600737,0.6439847885674616,-0.46070724115633993,0.7055114687521704,-0.16808733924515487,0.9147295337022177,0.8645698022533566,0.3379543663055672,-0.4098828274012928,0.8755348596828475,0.17083725908336508,-0.03633900112348596,0.1973959947139169,-0.4589564634475421,0.44354215299791455,0.5398958903577535,-0.4250455761597736,-0.02272373998697182,-0.47533186576456815,0.1547972526756118,-0.2722310295263656,0.8776200352986337,-0.43942874305512236,0.806237819605717,0.08149245309464484,0.1192683754569417,0.49702419716694846,-0.27775457937059944,-0.2549315537950006,-0.23468303351406458
稲垣 祥,-0.4283323237603902,0.03162272105083671,-0.5729248611439195,-0.5225544899574434,-0.5135378242045836,0.06795420211137188,-0.1810311483446065,0.2888096668894578,0.20491194078753697,-0.24355807987993133,0.06482744519252717,-0.046306520346840026,-0.0028297077875597426,0.14677597738717488,-0.08521841974408575,-0.5826243429642101,0.202218116327677,-0.4726762655012464,-0.6395723811543982,0.39323360158412063,0.5747767339204748,0.4217522095436025,-0.5220077678691868,-0.1687892286002604,0.45980576407426005,-0.5976900304531917,-0.28970881668443166,0.17651662620159497,-0.05713901239397828,0.2858962349914247,-0.48594720540386666,0.24229046442947128,0.249270131693805,-0.7395270697093178,-0.13600938335388907,0.5787011787398797,0.3560396988296807,-0.3589354953188814,0.5156882088294794,-0.29744865296982986,0.6891385155878683,-0.17166060878790051,-0.2402548999569419,-0.5852719806838196,0.05599099534283985,0.06952915684006812,-0.0166685692602238,-0.3164454895495576,0.3856981987689858,0.34804221387519807,-0.28101420298965313,-0.023829395800667293,0.38142066189588214,-0.060931839396039945,-0.6218189974498686,-0.5066460451497403,0.41462808999342227,-0.20944332936305685,0.6562362634545137,-0.32118191357735343,0.7713656714815301,0.1383865603071544,0.03801486824869543,0.12294991545650891,0.2305099505490803,0.061665499245725855
藤井 陽也,-0.45855113582929213,0.1974243535739805,0.26237567552958024,0.41027453031803846,0.4498519865121288,-0.20308073249164202,-0.3946173701188657,-0.31648858435910143,0.5144316984356864,0.3070055234265062,-0.24939870275285284,-0.53094389489084,0.7306150710342734,0.17405150618985563,-0.6558422745901472,0.19769960155307084,-0.013634367025894819,0.32787336070326273,-0.5357166528443029,0.3591441498436625,0.013998339327406082,0.7448422541817541,0.2874302116055765,-0.32514031757578116,0.23792224821987867,0.20744091888945207,-0.32223675333388363,0.3578274657167153,0.1277115890791489,0.6826698829653898,0.261825713616333,0.7065099224951452,0.3498387436482706,-0.7716267635432592,0.5444300485692621,0.1804102196768073,0.38542467050589,-0.6525811145718298,0.12309324013257418,-0.07829395503220406,0.17218621819527088,-0.6013295002516184,-0.37363290620768247,-0.47187438890685035,0.322013732584748,-0.7052190052414152,-0.17068592677259958,-0.45834608531285753,0.5488801180271172,0.30075898657744016,-0.363544330842069,-0.0343897813891032,0.28596445901835804,-0.21323565854482604,-0.45857068121448064,-0.4459159185919098,0.20259219161969855,-0.7033689923665748,0.842205231123663,-0.26466083228626663,0.18812878965718677,-0.11454186826064176,-0.6074745560968038,0.32862222640520833,0.7178109730934714,0.211278240653642
古賀 太陽,-0.7511180058344838,-0.267661489366149,-0.5389737006193126,-0.4597456293181037,-0.2060326235071461,-0.7237363741831554,-0.5914352144213967,-0.509624858059078,0.11630572292916216,-0.22526616441370603,-0.6291906393906695,-0.8885366272985246,0.25771449455216106,-0.33280297408797715,-0.36989561002784704,-0.5376105491825014,-0.0856809149725872,-0.3773304981379475,-0.3356834998169604,-0.15910112394144688,-0.63629588957167,0.17710847623652634,-0.46098306656199417,-0.6285254995629066,-0.5027272721912961,-0.5597221500837956,-0.3038948455908002,0.17124496601448175,-0.780799974291186,0.2709187360799855,-0.4741149287366591,0.2079087501917439,0.042419695064137404,-0.5037467219331478,0.33883422990991824,-0.2239710522338708,0.17176125557450977,-0.7960512222621058,0.3197370515727084,-0.5284209539271006,-0.03206257319498599,-0.7336474133927228,-0.8687176432719299,-0.5656181113448991,0.6580922306557342,-0.5600948267952983,-0.3800321107394402,-0.4993725797606533,-0.2056882602709558,0.37872251103941634,-0.6905844962801622,-0.30338492427145203,0.009102244838217099,-0.5642281044222025,-0.08217648218317455,-0.7447109766340935,-0.131525340993141,-0.8378860204639301,-0.048424138215525915,-0.4014170795647067,-0.46154577046752754,-0.0838941157823509,-0.4205360460206191,0.3938079865647621,0.13651697335177918,0.16960003853486263
浅野 雄也,0.16115557500137026,-0.17964231809442266,-0.002626811895454654,-0.044879663787348326,-0.18992283670580562,0.9677453210815871,-0.1741848924572599,0.1443779091506551,-0.3222577430347482,-0.16094814826351528,0.7258199982689275,0.5972658360072469,-0.43196999900693944,0.39262658361270636,0.5974943212100605,0.06240912693693247,0.07604044852787635,-0.22520232742291316,0.7791109977853,-0.41487499586837767,-0.015796237605557234,-0.07569242800207934,-0.13131507297974515,0.6935028862468879,-0.36754023560283766,-0.1111574691976288,0.1114982578717066,-0.08910345455256835,-0.18156683509929714,-0.46787541195323284,-0.0680497119951074,-0.5156413197748413,-0.2666186822373465,0.7622123158115601,-0.1739459354091121,0.07012460956019982,-0.41682102933107645,0.7052058378303827,-0.2851665599792554,0.9495386307294043,-0.28316513102978497,0.7998519882703246,0.6555428985298393,0.4310184277600456,-0.5430128262088629,0.3743470997761443,0.5127839370221806,-0.0360477610968063,-0.042800660079932835,-0.2696213628244377,0.20324375944937323,0.3418312483628975,-0.06083141360208564,-0.14603706849492495,-0.15793344243742324,-0.029612405375709902,-0.36576229518268133,0.6947413436942858,-0.29083135486793593,0.8246420720172846,-0.590853686530176,0.024954290891375925,0.4512106186754107,0.04083514242253137,-0.49460200178702324,-0.5320105687286435
塩谷 司,-0.4475318249277271,-0.34584864644575836,0.21075322491741144,0.19214296592189883,0.14309397406616514,-0.29670146962288363,-0.6167873530374826,-0.4395552595362069,0.010760194649213883,-0.16485791565953192,-0.7781821856631083,-0.8500099220390077,0.28528628619525254,-0.5787240726694804,-0.601455884232805,0.15499977088674538,-0.1579141108816288,0.20037711492367918,-0.34374921710423356,-0.1391622749312281,-0.2704790128317969,-0.30156385921054646,0.17530793693651125,-0.8916639905669791,-0.28041261774746884,0.0911771637514032,-0.19269268473157705,-0.11990315502237098,-0.7219253720134952,-0.0608662083044675,0.26962529759012827,0.09799434295399631,-0.025719788880693904,-0.5559624218966417,0.3950899796661639,-0.31125548653272594,-0.36630920932171135,-0.6296017312777633,-0.17660248664055986,-0.8417778530241685,-0.3325093765612316,-0.8291061696710346,-0.42609489977910014,-0.4128295405802533,-0.008368209439492518,-0.8805506569311131,-0.31403457072241336,-0.41041439782154077,-0.22637506786835054,-0.17849694733068372,-0.44815395973620265,-0.5630262835433248,-0.00892164842956337,-0.26077540156140605,0.1585085766100487,-0.4438066691019359,0.175567435722406,-0.6247157212286434,0.19780721018309455,-0.6726500440421084,0.025167605709403552,-0.6519876827628235,-0.7257454401302806,0.06995062020135943,0.27790411883975846,0.33169378696025104
カプリーニ,0.14631143870644475,-0.11734615188729873,0.008218057767686394,-0.17594376368272543,-0.43737514001343863,-0.2891131256475646,0.14877865388737962,0.5580621000873339,-0.5392411015507209,-0.2908572687833461,-0.37186482051282044,-0.08754261979657005,-0.6543730012070221,-0.29005824675936615,-0.04286384667063389,-0.01988573188333056,-0.15401187135614985,-0.10758371525316669,0.24922665913639666,-0.1454382702194664,-0.07631812111256567,-0.4526346708144158,-0.05739966222586366,-0.25678343962881234,-0.09156171016428431,-0.022104840076157456,-0.5657345746517378,-0.35706226944137004,0.024015436901677917,-0.3604309265941138,0.036876459591556936,-0.5294358622904476,-0.44173254970822723,0.42056712198397733,-0.6257828678998203,-0.20968724110795214,-0.17788120615970243,0.17494646852098944,0.1163195723214995,0.024867774781150567,-0.3095589956027066,0.42198524873992044,0.08163306368281627,0.024420402754847303,0.019342443427843123,0.17761638490695433,0.5290715107120096,0.24623591343521598,-0.15629879732830654,-0.11074934381325302,0.5843995450300641,-0.4202095822266854,-0.16649580534767366,-0.23006951506315046,0.13405142670751585,0.08892559613033094,-0.8878510137887936,-0.10825373832970975,-0.6224456206878841,-0.4321451147898126,-0.512241518539591,0.0028749651453838015,0.41424577761319986,-0.5273641378116491,-0.5387990937954505,-0.9087850143449792
ルーカス・フェルナンデス,-0.34612070129172795,-0.3754844644544001,0.6864679753286294,0.6520263678945888,0.6310813789624998,-0.5521832833749984,0.42204236126165123,0.1833301864689314,-0.07627872822392466,-0.28997643089964475,-0.014772326579097163,-0.0222716458596201,-0.26445927213319537,-0.7734140421459759,-0.5329123197468358,0.6812377546227344,-0.4927000272132058,0.758867534806086,-0.2585133030744609,0.11722948266407698,0.14632901794063335,-0.6765379692242098,0.7203469670820513,-0.17603660989962094,0.5918705199356264,0.6967550729501485,-0.2621279079150224,-0.4997015337696541,0.26348327838143326,-0.48850456757032534,0.6987183894931586,-0.034841146319977624,0.04914037206812115,-0.2274070547659764,-0.6073610000540048,-0.2853066847721018,-0.4146515648771605,-0.26083399895691367,0.23215617068281416,-0.5173923082308204,0.06153689131580089,-0.1650830812398741,-0.3673850765815882,0.0461460087573536,-0.17768485948164595,0.23050310221374382,-0.17959706491634042,0.036819781547190365,-0.387849267479669,-0.12544160057823275,0.34801063694169965,-0.3241237333290612,-0.03823915526184789,-0.14959806734747563,-0.13984297450193175,0.5420521959366509,-0.18033991371313657,-0.49474641195008795,-0.2421700194063092,-0.7494928256621851,0.08767555438649656,-0.038124923266188736,0.054627747620024564,-0.8807508393585182,-0.42271215039180865,-0.32682114889378644
キャスパー・ユンカー,0.06830650871463843,-0.452543514035766,-0.3845561370675638,-0.24140830476989483,-0.21508918234786872,0.7122506677292718,0.09502086150384381,0.3118455207506535,-0.28859702100544277,-0.5100482796175189,0.8334395248187915,0.769063855044954,-0.5820741421140874,0.1811121165271211,0.626169861129168,-0.41106822544858784,-0.09921865772985279,-0.4788823062402415,0.6494140808104665,-0.25052401820709547,0.1045097540587375,-0.4083166695586374,-0.5062202319109721,0.8556030745167765,-0.21363995403663746,-0.29642623431980314,0.04795949566798594,-0.2746058510232732,0.11080569357474675,-0.4713113763575671,-0.44275402278153675,-0.2679674078144689,-0.3704535373371482,0.7785799400134878,-0.5455160622866737,-0.18367759428726682,-0.5487580978733183,0.8363000194917172,-0.4677615238608195,0.9195939863865585,-0.21152708884402405,0.9107527160235849,0.8180365513454726,0.4064520430143119,-0.5679225816949739,0.8184169879280899,0.5188202548152953,0.07953066315640764,-0.08605343267861598,-0.46699160811121837,0.6622720118223601,0.4056500472073495,-0.4470973924128809,-0.0806777491608081,-0.43535352974664204,0.23982450594239998,-0.5725976815825683,0.6739881973361953,-0.5955874030387768,0.6765750240926597,-0.323234188793109,-0.05863781684695205,0.6199293816686042,-0.6042526075057385,-0.6576928595708639,-0.4180748496522397
ドウグラス・ヴィエイラ,-0.34375602794423044,-0.5843652992961563,-0.32436758194868026,-0.3089552455494519,-0.15350338363381974,-0.48897272526643687,-0.18495831041542005,0.032970484354575884,-0.658929007762481,-0.550946045385681,-0.4098788984843939,-0.2465401051331736,-0.677275066689189,-0.45994847382789794,0.4392580503158032,-0.3219038633341226,-0.28714972894022833,-0.3471277782108004,0.25920051943219574,-0.36250021330408994,-0.2367079824324791,-0.4003649813544198,-0.4198615152873307,0.13272032485882618,-0.42461059023275166,-0.3052224312101773,-0.22065529920947352,-0.38680153938478695,-0.36807700692499884,-0.42553400863353547,-0.3534751453754234,-0.6475853163258464,-0.5031621650567168,0.9580455056412995,-0.5217902160720194,-0.27843959914827854,-0.34781476472986306,0.42628630498393316,-0.05700895767753535,0.024280101675592972,-0.41689223127945624,0.9005968384588626,0.21320888266175433,0.006238171154385664,-0.42022460120995586,0.20398982001010021,0.4029582710516588,0.19574911852481072,-0.1726510662692941,-0.19786558463486173,0.7208764334650782,-0.38004618887185154,-0.4518557155716791,-0.5617436181483642,-0.246250788733993,0.06381339471589997,-0.7774878691411133,0.08391273733876088,-0.8432861665996751,0.18843662613198361,-0.9521149637354961,-0.4186123184753809,0.16612152207339514,-0.46522174655848164,-0.7318707439967791,-0.8097826105548567
パトリック,-0.383587262368975,-0.5435459032075693,-0.2482246921865967,-0.10930017153638204,-0.02622319642325008,-0.2659389147118018,-0.4736524721433513,-0.3729335865698724,-0.5616219770782743,-0.5720533847696287,-0.10017739900614347,-0.16258868977492627,-0.6950612683710535,-0.4867331890100869,0.6808196288072593,-0.2685810349018392,-0.32783055217600066,-0.2311229464522973,0.019248426118351467,-0.2818742560727518,-0.47061141092263936,-0.2584091985276408,-0.2709264034477675,0.06898107661950494,-0.46944500275892315,-0.22156920513277115,-0.3814678551693504,-0.3477163317019681,-0.2913415341460655,-0.4826566744442355,-0.28018304426519536,-0.6579311126715236,-0.6263593713194026,0.713069581481276,-0.5171214495869618,-0.2194536743671062,-0.4123396579302069,0.4971490655291101,-0.2258245356338296,0.4149399731570831,-0.36691647652050563,0.8959635154534824,0.016497630238656392,-0.1364886454315375,-0.4879513938285138,0.03458563002766167,0.4509296164233575,0.16118062272763986,-0.11732351468656005,-0.24713240648140086,0.7106395736772779,-0.31639063745780777,-0.4598846643974968,-0.6812399846484412,-0.41997177994301493,-0.16821185570146047,-0.8472846671167998,-0.27051679258699013,-0.8234255511131836,0.31467119376268937,-0.5383401298623495,-0.5522667948612001,-0.2838304195077824,-0.5511548201569507,-0.872978716366363,-0.6704109759395919
小柏 剛,0.3207456933497586,-0.6048804351978737,-0.13099819390237424,-0.29969595775103003,-0.20034393467945405,0.12967846743975095,0.2104211976984622,-0.20150382055548968,-0.34988010868514047,-0.3703405878917514,0.06913640781730876,0.3127131978950937,-0.6558185133020797,-0.14177850606787412,0.1496387569939639,-0.09844902672228566,-0.3349381072149185,-0.24452301145866517,0.823317566378757,-0.5041733271398111,-0.22814728207054263,-0.6544205216944134,-0.25493550914454166,0.47622717225589617,-0.45367902845246466,-0.1842122648930303,0.6468496741908253,-0.6407507393994316,-0.11158998293506542,-0.5751056971081919,-0.2937258893466172,-0.5285542852179107,-0.24216246986316312,0.9012222175167772,-0.5674855837020308,-0.5817086607681158,-0.5843030859224467,0.641722206934403,-0.5955196171455508,0.1755508513950576,-0.4544516054843249,0.33361903027856726,0.5579027199328276,0.48148203203482676,-0.44802671937515504,0.3408786252459719,0.13207680677168795,0.0970108526862832,-0.13543767058866885,-0.5099399655363052,0.870357974350184,0.008779211565205046,-0.4469971171347479,0.08767045419705313,0.1197278874308439,0.6542356274933437,-0.2440284480130628,0.6433017263787635,-0.6525774350448208,0.32979066188747386,-0.27846875913498753,-0.45448876421539314,0.21639625295912765,-0.34877105627743593,-0.5863888758107745,-0.060312810724999937
加藤 陸次樹,-0.26483933256808667,-0.6262766005433902,-0.37679322766918233,-0.37227731955573395,-0.33942928110093606,-0.20818227772910367,0.0003329421505904994,-0.23304682354166467,-0.789520740122043,-0.7283094331078901,-0.1942640519208046,0.0921289991806417,-0.6192638332279043,-0.5613676004122619,-0.03483053178231192,-0.30228298007131466,-0.35744145834488744,-0.5072911121315894,0.5451606747638326,-0.48090213638011703,-0.6157053896242226,-0.3349891705873972,-0.4170680966358124,0.3171206854556341,-0.5220630976015862,-0.43973898000244943,-0.22275083530804526,-0.6263847500404449,-0.1413793105385329,-0.3327528343696764,-0.34935228566321513,-0.7391448948502576,-0.5994014979549814,0.9083346204873878,-0.6084810691206349,-0.5734478359494543,-0.6882269045940543,0.5561652475233204,-0.6282088709011678,0.2845707997549883,-0.7401115155001781,0.26867156275767234,0.5222546332414554,0.10673152543013217,-0.31345304820995223,0.24666943689824916,0.435486090001178,0.005236093962809336,-0.48279705737508216,-0.5556482278420928,0.6471709745311383,-0.40773930659477675,-0.4542252305514694,-0.7103329289943294,-0.47779056839438705,-0.08471718029442019,-0.8501712630755466,0.13900945117659924,-0.6018075094451837,0.712425987242949,-0.860536565637003,-0.7385633676107274,0.02267295942342006,-0.6245920187752806,-0.6492221822873921,-0.6662957480924171
森島 司,-0.18067685274007825,-0.08953258110490339,-0.3461065091950062,-0.466525689474575,-0.3395129766657154,0.06398856106557277,0.3078424032568535,-0.39907211754184135,0.5846689009064383,0.06047569334363536,-0.03349412615571539,-0.303374064213241,-0.017370531984320706,0.1508475729401682,-0.5746415136584917,-0.32460493928794815,-0.08112796709863095,-0.3213192766192995,0.45484739934261886,-0.37254390832643897,0.5188583839427227,-0.3912358142684411,-0.3256096379440134,0.09494836522996646,0.031383646921536994,-0.4017288612243455,0.3451903127215392,-0.009740535363581751,-0.03766698073095947,-0.4208886958924153,-0.36704384160694387,0.661395895919492,0.4665945413487224,0.22136699261112056,-0.06726667781067296,0.07968189857160214,-0.12572161942312426,0.4820959182650054,-0.34475885698070385,0.04882282846088294,0.3891287771527752,-0.5114794567183601,0.4312056174785942,0.3087766448258425,-0.22678925637984787,-0.6560802756598796,0.15769030536067383,0.0193816072384149,0.2678234101020888,0.19880741919094166,0.06322544104503923,0.6267168292818539,-0.06793194441991501,0.41150872400589833,0.2984826800996424,0.2536401507345658,-0.06248594949661912,0.4402364068059472,-0.3786934215723837,-0.680503478353099,0.3282452921509953,0.2583848016302874,-0.5279737186901999,0.12019793758544332,-0.18855199991764482,0.3076725576507627
香川 真司,-0.040181652183098056,0.3821312511138413,0.21516544108553645,0.3069493177939957,0.348973850966422,0.2517716108291224,0.3112879355005494,-0.4530731983606811,0.8643101392480923,0.49066654055976205,0.10846199178896018,-0.3073218111543748,0.899840560857546,0.35287438763337514,-0.5807783276014945,0.13730594645607444,0.18302976997771572,0.2890191830512713,0.1705844395982759,0.25279590392825024,0.45927371314524185,0.33232325040300964,0.1825972784498592,0.03366792541055822,0.7306791148987039,0.2742791435155446,0.5413673932751699,0.3444664306515646,-0.23057923966325172,0.4995482003841992,0.23467049466369364,0.832732701172188,0.7325280216572632,-0.6040554658529812,0.7205444971807857,0.6025486801486477,0.517749956160518,0.003595482344595068,-0.1972659209338906,-0.4404696138472502,0.7550577709815302,-0.6422507433423237,-0.1514288507851501,0.21135301774742693,0.6378675902963906,-0.2518845530549766,-0.5906254232314812,-0.10267637244896126,0.3450115988491297,0.33421676423635516,-0.6470593509292376,0.6122031919623621,0.39222233871459933,0.7708049877585836,0.61313120081769,0.35389160622510013,0.8241443968863057,0.040115636582613544,0.48269952271686156,-0.6217667524166252,0.8874027595405553,0.01784709270504973,-0.2832830112972802,0.4113385259323808,0.6595331922919838,0.9271098388322953
山本 悠樹,-0.031123162694766338,0.08245787233510969,-0.19668144930133438,-0.4109523629986326,-0.5284087456008761,-0.2580449092468707,-0.047205270619289766,-0.270132974483801,0.45533542537801325,0.22132812754650782,-0.4110679738600436,-0.3370928151432715,-0.058338770491877676,0.42363881668231607,-0.8275090607431284,-0.24789491096339653,-0.1005057180570811,-0.16746445844606186,-0.0787626940073295,-0.05604865987519445,-0.05104283695795642,-0.6474173912451376,-0.2007720504266101,-0.4390754225108043,-0.2791462630131967,-0.1348453280754945,0.16070482417137325,-0.5642979348920323,-0.052670915694750436,-0.2760180647525618,-0.21570339984557346,0.3908812477472056,0.45152775437476805,0.32869407384141863,-0.02521562324628604,-0.1775982731861303,0.0768249926353974,0.2701710299132682,-0.1349968181402046,0.07594134792408319,0.25609282803838473,-0.8876022891187316,0.08139757235374137,0.1899689035795472,0.025646748324770603,-0.7336885218536163,-0.011091228349260643,0.07185273100461315,0.47970808416378546,-0.0702644340776688,-0.09227139516581935,0.09583575302697822,0.12320225588248379,0.47121606041355457,0.7240997046109137,-0.11413396375199417,0.0894257265899155,0.4061838685584487,0.09097744944889948,-0.8817234474275314,0.4951284306871721,0.021419536148112428,-0.5507708597285288,0.09926062907611932,-0.06566609024444257,0.34036763416583454
