,Pedro Porro,Matheus Cunha,Julián Alvarez,Granit Xhaka,Dwight McNeil,Fabian Schar,Erling Haaland,James Maddison,Gabriel Jesus,Gabriel Martinelli,Harry Kane,Ivan Toney,Joško Gvardiol,Eberechi Eze,James Tarkowski,Aleksandar Mitrović,Cristian Romero,Douglas Luiz,Bruno Fernandes,Conor Gallagher,Declan Rice,Bukayo Saka,Bruno Guimaraes,Casemiro,Andrew Robertson,Alexis Mac Allister,Heung-min Son,Jack Grealish,James Ward-Prowse,Cody Gakpo,Bryan Mbeumo,Diogo Dalot,Bernardo Silva,Ben White,İlkay Gündoğan,Ruben Neves,Thiago Silva,Virgil van Dijk,Willian,Youri Tielemans,Thomas Partey,Rodri,Solly March,Roberto Firmino,Mason Mount,Riyad Mahrez,Moises Caicedo,Manuel Akanji,Kieran Trippier,Martin Ødegaard,Michael Olise,Phil Foden,Ollie Watkins,Kenny Tete,Morgan Gibbs-White,Luke Shaw,Lisandro Martinez,Mohamed Salah,Pierre-Emile Højbjerg,Pascal Groß,Kevin De Bruyne,Mathias Jensen,Leandro Trossard,Trent Alexander-Arnold,Kalidou Koulibaly,Jérémy Doku
福森 晃斗,0.7218102216720581,0.6875050663948059,0.701450765132904,0.7016134262084961,0.7022050619125366,0.7670865654945374,0.7768063545227051,0.6924769282341003,0.7167150974273682,0.6563383340835571,0.6948368549346924,0.7148756384849548,0.7659844160079956,0.7058292627334595,0.7398698925971985,0.6765598058700562,0.6929445266723633,0.6841472387313843,0.7087254524230957,0.7368741631507874,0.6936620473861694,0.7280510663986206,0.7425158619880676,0.7162076234817505,0.704663872718811,0.6861233711242676,0.7259780168533325,0.6835740804672241,0.6785655617713928,0.7296609282493591,0.7002618908882141,0.6827099919319153,0.689244270324707,0.7238279581069946,0.7356390953063965,0.7394431829452515,0.7297665476799011,0.7202787399291992,0.6830676794052124,0.7371246218681335,0.7756296396255493,0.7382469773292542,0.72352534532547,0.7273474335670471,0.7121269106864929,0.7517336010932922,0.6817516088485718,0.7883089780807495,0.7220598459243774,0.7273454666137695,0.736782968044281,0.7063418626785278,0.7066635489463806,0.6885510087013245,0.7089433670043945,0.7398858666419983,0.8108938932418823,0.7330343723297119,0.6769019365310669,0.770623505115509,0.7379068732261658,0.6995533108711243,0.7274619340896606,0.8181358575820923,0.7171543836593628,0.6615304946899414
浅野 雄也,0.7037870287895203,0.7535731196403503,0.6568753719329834,0.63194739818573,0.6467223763465881,0.686941385269165,0.7355405688285828,0.6992891430854797,0.652871310710907,0.6541777849197388,0.7477213740348816,0.6215106248855591,0.6559410095214844,0.6573764085769653,0.6842917203903198,0.6492118835449219,0.6471610069274902,0.6532863974571228,0.6834457516670227,0.665633499622345,0.6487294435501099,0.676579475402832,0.6311512589454651,0.6956590414047241,0.698642373085022,0.6768946647644043,0.6959444880485535,0.6397919654846191,0.6689664125442505,0.7662228345870972,0.6561465263366699,0.6903870701789856,0.6300461888313293,0.6987106204032898,0.6999506950378418,0.6785650253295898,0.647925078868866,0.6520079374313354,0.6441215872764587,0.6902770400047302,0.6982358694076538,0.6552801728248596,0.6418552398681641,0.6368122100830078,0.6908513307571411,0.6538553237915039,0.6641111969947815,0.6523785591125488,0.6934641003608704,0.6823644638061523,0.6947080492973328,0.6829048991203308,0.6438665986061096,0.6800944209098816,0.6765086054801941,0.7018226385116577,0.6778141856193542,0.6382498145103455,0.6752386689186096,0.6754158139228821,0.6828652620315552,0.6463431119918823,0.7285383343696594,0.7273863554000854,0.5857632160186768,0.5907378196716309
武藤 嘉紀,0.6810725927352905,0.7105662226676941,0.7277655601501465,0.6823789477348328,0.742912769317627,0.7004148364067078,0.7044205665588379,0.7188794612884521,0.7607595324516296,0.6679975986480713,0.7137341499328613,0.7451893091201782,0.7437787652015686,0.7073609232902527,0.7029105424880981,0.7111756801605225,0.723983883857727,0.730429470539093,0.699013888835907,0.6867966651916504,0.7475356459617615,0.6815651655197144,0.6836991906166077,0.6811075210571289,0.7201398611068726,0.7486827969551086,0.7341348528862,0.7103338241577148,0.6928271055221558,0.691861093044281,0.7261464595794678,0.7249315977096558,0.6500964164733887,0.7361059188842773,0.727203905582428,0.8357467651367188,0.6978956460952759,0.7198442220687866,0.710773766040802,0.7650245428085327,0.7064719200134277,0.7587908506393433,0.7148258686065674,0.7164924740791321,0.7024437785148621,0.7171908020973206,0.7139176726341248,0.7136790156364441,0.673627495765686,0.7500068545341492,0.6707720160484314,0.7150546312332153,0.7181596159934998,0.6916671991348267,0.6659268140792847,0.7092511057853699,0.6956307291984558,0.6855586767196655,0.7358861565589905,0.7232367992401123,0.6864176988601685,0.6700627207756042,0.7484862804412842,0.7105885744094849,0.6409799456596375,0.6906152367591858
初瀬 亮,0.7667824029922485,0.6705005764961243,0.6869882345199585,0.7018758654594421,0.7043749094009399,0.7048158645629883,0.6705751419067383,0.6637287139892578,0.6879397034645081,0.6787170767784119,0.684913158416748,0.7014673948287964,0.706168532371521,0.7260459065437317,0.6985456347465515,0.6653969883918762,0.6931332349777222,0.6458780765533447,0.7315252423286438,0.7743632793426514,0.705394446849823,0.7193270921707153,0.7672185301780701,0.6751708984375,0.6741797924041748,0.696831226348877,0.6892386674880981,0.7874911427497864,0.7217971682548523,0.6907292008399963,0.6666427850723267,0.6541768312454224,0.6646565198898315,0.6958471536636353,0.7071212530136108,0.6593921780586243,0.7801865339279175,0.7424236536026001,0.7188436388969421,0.6804684400558472,0.711992621421814,0.7072663307189941,0.7332292795181274,0.71479332447052,0.6743823289871216,0.7185484170913696,0.7166527509689331,0.688988208770752,0.7064427137374878,0.750462532043457,0.7409952282905579,0.6668767333030701,0.6819947957992554,0.6937645077705383,0.6650903224945068,0.7318263649940491,0.7357195615768433,0.8259972333908081,0.6584094762802124,0.7193781137466431,0.7643523216247559,0.6737543344497681,0.6842557191848755,0.7262518405914307,0.6539477109909058,0.6714142560958862
伊藤 涼太郎,0.7627825736999512,0.6756111979484558,0.699489951133728,0.7141892910003662,0.6978376507759094,0.7281008958816528,0.7210506200790405,0.690119743347168,0.7120086550712585,0.6977530717849731,0.6969200968742371,0.7033478021621704,0.7318625450134277,0.7745991349220276,0.7247279286384583,0.6851381063461304,0.7018268704414368,0.6844083070755005,0.7397418022155762,0.755026638507843,0.6966074705123901,0.7284695506095886,0.7849600315093994,0.725601851940155,0.6823444366455078,0.6963273882865906,0.7080866694450378,0.7183432579040527,0.6736744046211243,0.6945834159851074,0.6997575163841248,0.6836618185043335,0.6804884672164917,0.7191048860549927,0.7120903730392456,0.7191617488861084,0.7919081449508667,0.7792009115219116,0.7277945280075073,0.7132169604301453,0.7172889709472656,0.7289227247238159,0.7257251739501953,0.7273228168487549,0.6846898198127747,0.7412307858467102,0.7040139436721802,0.725981593132019,0.7096487283706665,0.7725400924682617,0.7729259729385376,0.7019147872924805,0.6960231065750122,0.7068778276443481,0.6980444192886353,0.7200802564620972,0.7306381464004517,0.830675482749939,0.7064827680587769,0.70082026720047,0.7714613676071167,0.706817626953125,0.6869105696678162,0.7257990837097168,0.6862612366676331,0.6794695854187012
明本 考浩,0.6799095869064331,0.7125031352043152,0.7241973876953125,0.7087869644165039,0.6654053926467896,0.7072051167488098,0.7142199277877808,0.7331276535987854,0.7204039692878723,0.7114371061325073,0.7256677150726318,0.7211997509002686,0.7029436230659485,0.7051798701286316,0.7320538759231567,0.6935311555862427,0.70134037733078,0.7130753397941589,0.6981605291366577,0.7028810977935791,0.7035177946090698,0.7043720483779907,0.6950004696846008,0.7057727575302124,0.6942172050476074,0.687867283821106,0.7524356245994568,0.6709847450256348,0.6615103483200073,0.7099739909172058,0.7362842559814453,0.7105494737625122,0.6792508959770203,0.7050646543502808,0.7050883173942566,0.7627724409103394,0.7114720940589905,0.7333154082298279,0.6788938641548157,0.7380792498588562,0.7035260200500488,0.6833213567733765,0.6747426986694336,0.702701210975647,0.6812434196472168,0.7053554654121399,0.6898336410522461,0.7122278809547424,0.6999859809875488,0.730460524559021,0.6673749089241028,0.686988115310669,0.744278073310852,0.6732457876205444,0.6786063313484192,0.6972535848617554,0.6905437111854553,0.6988778114318848,0.7176400423049927,0.7475143671035767,0.6917897462844849,0.6831976175308228,0.7177461981773376,0.7351384162902832,0.6664305925369263,0.6787322163581848
河原 創,0.6958321332931519,0.6629949808120728,0.6919751167297363,0.6717934608459473,0.7191898822784424,0.7149944305419922,0.6714721322059631,0.6903854012489319,0.6855872273445129,0.6896314024925232,0.6839348077774048,0.6962398290634155,0.6867629289627075,0.6952439546585083,0.7007788419723511,0.6920484304428101,0.7019976377487183,0.7086451649665833,0.719910740852356,0.7030202150344849,0.7034984827041626,0.711784839630127,0.6990954279899597,0.6787646412849426,0.7056138515472412,0.694648265838623,0.6942641139030457,0.679416298866272,0.6601528525352478,0.6751312613487244,0.7010583877563477,0.6925766468048096,0.6488269567489624,0.6880720257759094,0.7005863189697266,0.71514892578125,0.7104361057281494,0.7067722678184509,0.6781594157218933,0.6740397810935974,0.7164674997329712,0.6790136694908142,0.6647831797599792,0.6979203820228577,0.6733281016349792,0.6910309791564941,0.6782649159431458,0.6840766072273254,0.7016268372535706,0.7113437056541443,0.6762859225273132,0.6895332336425781,0.6914731860160828,0.6560962200164795,0.6754963994026184,0.7188810110092163,0.697800874710083,0.6962592005729675,0.6855241060256958,0.7054025530815125,0.6900373101234436,0.6734633445739746,0.6902640461921692,0.7096995115280151,0.6836310625076294,0.6596652269363403
山本 悠樹,0.6970335841178894,0.6705887913703918,0.6773697137832642,0.656455397605896,0.6488407850265503,0.7244271636009216,0.6914438009262085,0.6837867498397827,0.7117473483085632,0.6878396272659302,0.7013565897941589,0.6744428873062134,0.6755490899085999,0.697176992893219,0.7050133347511292,0.6573024988174438,0.6701582670211792,0.6971357464790344,0.7254182696342468,0.6728184819221497,0.6882208585739136,0.7027419209480286,0.6870681047439575,0.6918503642082214,0.6921676397323608,0.7114717364311218,0.6915359497070312,0.7289234399795532,0.6580013036727905,0.6930185556411743,0.6924393177032471,0.6904937624931335,0.6815968751907349,0.6769217252731323,0.6965190172195435,0.6990872621536255,0.7073591947555542,0.6976827383041382,0.6651408076286316,0.7106826901435852,0.7194725275039673,0.679931640625,0.7023413181304932,0.6934587955474854,0.661110520362854,0.6573100686073303,0.6767784953117371,0.6721776723861694,0.698886513710022,0.7097810506820679,0.6959726214408875,0.6861284375190735,0.6667715311050415,0.6887490153312683,0.680158793926239,0.7216557264328003,0.7100831270217896,0.6832423210144043,0.7216423749923706,0.6961597204208374,0.6978443264961243,0.6639788746833801,0.7112089395523071,0.7093501687049866,0.6163808703422546,0.6718893051147461
伊藤 敦樹,0.7376574873924255,0.6870819330215454,0.7181953191757202,0.7344702482223511,0.69671630859375,0.7363981604576111,0.7229355573654175,0.7219724655151367,0.738831639289856,0.7056031227111816,0.731805682182312,0.7302383780479431,0.7670449018478394,0.7082114219665527,0.7464110255241394,0.7085803747177124,0.7091977596282959,0.7199098467826843,0.7166371941566467,0.7095524072647095,0.714112401008606,0.7262052893638611,0.7133103609085083,0.7034141421318054,0.7120862007141113,0.7234292030334473,0.7132843732833862,0.6877292394638062,0.6720813512802124,0.720967173576355,0.7201876044273376,0.6967801451683044,0.6648392081260681,0.7319759726524353,0.7209681272506714,0.7347520589828491,0.7491858601570129,0.7368270754814148,0.6874040365219116,0.7426950335502625,0.7326964139938354,0.7206425666809082,0.7249788045883179,0.7199544906616211,0.6930052042007446,0.7206788659095764,0.7157407999038696,0.7477462291717529,0.7055615186691284,0.7735819220542908,0.7189825773239136,0.6994795799255371,0.6947954893112183,0.7053565979003906,0.6916682124137878,0.7574996948242188,0.7426577806472778,0.7568455934524536,0.700285792350769,0.7344290018081665,0.74057936668396,0.6913878321647644,0.7492403388023376,0.7314384579658508,0.7060489654541016,0.6839812994003296
大橋 祐紀,0.6796500086784363,0.6506993174552917,0.7047708630561829,0.6689918637275696,0.651751697063446,0.7225286364555359,0.6510213613510132,0.6971439123153687,0.7246426343917847,0.6713818311691284,0.728421688079834,0.714646577835083,0.7097290754318237,0.7017636299133301,0.7224410176277161,0.6865516901016235,0.7109928131103516,0.6972908973693848,0.7083512544631958,0.6780794262886047,0.7062827944755554,0.7242207527160645,0.7186334729194641,0.7023723721504211,0.7050913572311401,0.7232668995857239,0.6953252553939819,0.6882174611091614,0.6270187497138977,0.6768032312393188,0.7009427547454834,0.7279987335205078,0.6693812012672424,0.7212870717048645,0.7042151689529419,0.7188678979873657,0.6890071630477905,0.7310106158256531,0.6750977039337158,0.7131721377372742,0.6988390684127808,0.7032397985458374,0.7077744603157043,0.7351244688034058,0.6852062344551086,0.7195857763290405,0.6701828241348267,0.7237027883529663,0.7087132334709167,0.7231252789497375,0.7046209573745728,0.7075462341308594,0.6894103288650513,0.6972332000732422,0.6779366135597229,0.7230231165885925,0.699090301990509,0.6761729121208191,0.7208073139190674,0.6955090761184692,0.6868225336074829,0.7012044787406921,0.7204012274742126,0.7067781090736389,0.6285865902900696,0.6872836947441101
塩谷 司,0.7338103652000427,0.6962786912918091,0.6925191283226013,0.6998195648193359,0.6854254007339478,0.7083104848861694,0.702966570854187,0.7236612439155579,0.6895390748977661,0.6894215941429138,0.6988245844841003,0.7106332182884216,0.6746661067008972,0.695793867111206,0.7221733331680298,0.6927517056465149,0.6979811787605286,0.7213321328163147,0.7474449872970581,0.7012529969215393,0.6986314058303833,0.7299636602401733,0.7161709070205688,0.6941112875938416,0.6952739953994751,0.7007744908332825,0.7191675305366516,0.703271210193634,0.703156590461731,0.7146499752998352,0.691114068031311,0.689820408821106,0.6681322455406189,0.6873832941055298,0.7399017214775085,0.7214897871017456,0.7328728437423706,0.7090369462966919,0.7004448771476746,0.7327185869216919,0.7735853791236877,0.695580244064331,0.7390009760856628,0.6771095991134644,0.670921802520752,0.6956229209899902,0.6848584413528442,0.6750324964523315,0.7047305107116699,0.7219825983047485,0.7070004343986511,0.6896833181381226,0.6826192736625671,0.6665964126586914,0.6914547681808472,0.7175003290176392,0.6907553672790527,0.7291426658630371,0.6950922012329102,0.7248852252960205,0.7849904894828796,0.6693400144577026,0.7276138067245483,0.7349467873573303,0.6385728120803833,0.6707022190093994
樋口 雄太,0.6710692644119263,0.6972273588180542,0.6901882886886597,0.6498100161552429,0.6600529551506042,0.6989742517471313,0.6721640825271606,0.6856498718261719,0.7082998752593994,0.6524404883384705,0.6975369453430176,0.7000111937522888,0.6779049038887024,0.6989491581916809,0.7019003629684448,0.6828131675720215,0.6814553141593933,0.6776295304298401,0.6841036081314087,0.6856805682182312,0.7065997123718262,0.774618923664093,0.6782610416412354,0.6774555444717407,0.6714056730270386,0.7011933326721191,0.694860577583313,0.6664311289787292,0.6656374931335449,0.7121215462684631,0.6878262162208557,0.6602703928947449,0.7096059322357178,0.6889878511428833,0.7031131982803345,0.7206751108169556,0.7044340968132019,0.6786324977874756,0.6907594203948975,0.7302097082138062,0.7373971343040466,0.6914288401603699,0.6817809343338013,0.6744982600212097,0.6935015320777893,0.7057156562805176,0.6690816879272461,0.6850132942199707,0.6862995028495789,0.6914452314376831,0.6680479645729065,0.6939570307731628,0.6886336207389832,0.6722747087478638,0.6968486905097961,0.6814907789230347,0.7055934071540833,0.6831115484237671,0.6854680180549622,0.7753694653511047,0.7059712409973145,0.6433185338973999,0.7259927988052368,0.7808161973953247,0.6366599798202515,0.6704469919204712
佐々木 翔,0.6559640765190125,0.6689945459365845,0.7228580117225647,0.6630551218986511,0.6935402750968933,0.705908477306366,0.6781902313232422,0.695225715637207,0.7304072976112366,0.7020320296287537,0.6950165033340454,0.701839029788971,0.6994843482971191,0.6707298159599304,0.7046026587486267,0.6889005899429321,0.7157661318778992,0.7019451260566711,0.6815083026885986,0.6459188461303711,0.7492398023605347,0.6783542633056641,0.6716989278793335,0.6741166710853577,0.6892722845077515,0.6844779849052429,0.7228417992591858,0.6814550161361694,0.6488430500030518,0.6743152737617493,0.7790502309799194,0.7128093838691711,0.6707433462142944,0.7042027711868286,0.7177289128303528,0.7235406041145325,0.7024644613265991,0.7008376717567444,0.6936336755752563,0.7165204286575317,0.7098921537399292,0.6802544593811035,0.706864595413208,0.6917193531990051,0.6651691198348999,0.6886395215988159,0.6880320310592651,0.685276210308075,0.6533553004264832,0.7915064096450806,0.643412709236145,0.6998919248580933,0.7080579996109009,0.6905788779258728,0.6887866258621216,0.6876116991043091,0.680332362651825,0.6725781559944153,0.7333745956420898,0.7185198068618774,0.6784491539001465,0.6475695371627808,0.7174144983291626,0.7287527322769165,0.6768547296524048,0.6690101623535156
小柏 剛,0.7209969758987427,0.689050555229187,0.7327171564102173,0.6826742887496948,0.6343091726303101,0.711705207824707,0.6876199245452881,0.7216598987579346,0.700318455696106,0.7239075899124146,0.7166944742202759,0.7201733589172363,0.726197361946106,0.717981219291687,0.7965832948684692,0.6660982370376587,0.7142545580863953,0.7131916284561157,0.714547872543335,0.6614310145378113,0.73814457654953,0.7317436337471008,0.6886051297187805,0.72505784034729,0.7388340830802917,0.7330820560455322,0.7286064028739929,0.6887561082839966,0.6936339139938354,0.7217434644699097,0.6846907734870911,0.7082206606864929,0.6836187839508057,0.7173035740852356,0.7170230746269226,0.7113298177719116,0.7083991765975952,0.6928296685218811,0.6869951486587524,0.7302373051643372,0.7325351238250732,0.6752621531486511,0.7205222249031067,0.6983028054237366,0.6854907274246216,0.7033776044845581,0.7064428329467773,0.7246379852294922,0.7420268058776855,0.7315099239349365,0.672796368598938,0.7153856158256531,0.6999931931495667,0.7161169052124023,0.6755387187004089,0.7908891439437866,0.7020348310470581,0.6893883943557739,0.6937001347541809,0.7308745384216309,0.729570209980011,0.6754472255706787,0.7547764182090759,0.7369955778121948,0.6373785138130188,0.668182373046875
加藤 陸次樹,0.6900047063827515,0.6851654052734375,0.6910208463668823,0.6994155645370483,0.6846803426742554,0.7203304767608643,0.6793228387832642,0.6969782114028931,0.7150259017944336,0.6785215139389038,0.7404943704605103,0.7229048013687134,0.7038809061050415,0.7752200365066528,0.7212203741073608,0.6586927175521851,0.713527500629425,0.726822018623352,0.6865361332893372,0.7146295309066772,0.7124647498130798,0.7240285873413086,0.6813234090805054,0.6857260465621948,0.7112717032432556,0.715582013130188,0.6966533660888672,0.6943446397781372,0.6234893798828125,0.697666585445404,0.7220056653022766,0.6834814548492432,0.6674221754074097,0.725254476070404,0.70181804895401,0.7186083793640137,0.7316581010818481,0.715947687625885,0.7066186666488647,0.7117561101913452,0.7231918573379517,0.7054657340049744,0.7432501912117004,0.7225316762924194,0.6670847535133362,0.7180096507072449,0.7005292177200317,0.6972280740737915,0.7238351702690125,0.745857834815979,0.6681276559829712,0.713927149772644,0.6946913599967957,0.732664942741394,0.69181889295578,0.7464399337768555,0.7254157066345215,0.6930558085441589,0.699364423751831,0.6985905766487122,0.6988651156425476,0.7031959295272827,0.7366909980773926,0.7189693450927734,0.6291746497154236,0.7526400089263916
東 俊希,0.7995374202728271,0.6872037649154663,0.7081269025802612,0.7023266553878784,0.7013667821884155,0.7428364157676697,0.719740092754364,0.7061759233474731,0.6664892435073853,0.7618060111999512,0.6850948333740234,0.6720139384269714,0.6989840269088745,0.7072553634643555,0.7186291813850403,0.6840673089027405,0.7020602822303772,0.6748054027557373,0.7303406000137329,0.7804033160209656,0.6870777010917664,0.7887721061706543,0.7956711649894714,0.6988133192062378,0.6729444861412048,0.6995514631271362,0.6985071897506714,0.7217097282409668,0.6750401258468628,0.6951621770858765,0.7121554613113403,0.70030277967453,0.6859630346298218,0.6880928874015808,0.7277042865753174,0.6862943768501282,0.8024324178695679,0.7878863215446472,0.7205239534378052,0.7219566106796265,0.7350822687149048,0.6916059255599976,0.6944116353988647,0.6887441277503967,0.6827868223190308,0.719892144203186,0.7729402780532837,0.7022336721420288,0.6960691213607788,0.7950970530509949,0.7813060879707336,0.6839731931686401,0.6915133595466614,0.690353274345398,0.7139968872070312,0.7269250750541687,0.7414706349372864,0.8681043386459351,0.6911202073097229,0.7211565375328064,0.796552300453186,0.6512066125869751,0.7080653309822083,0.7519643306732178,0.6749976873397827,0.673672080039978
ルーカス・フェルナンデス,0.690592885017395,0.6755678057670593,0.7210366129875183,0.6834368109703064,0.7191216945648193,0.7371478080749512,0.6964870691299438,0.7205778956413269,0.7154092788696289,0.6861855387687683,0.7005290985107422,0.7261058688163757,0.7147349119186401,0.7156461477279663,0.7344825863838196,0.660052478313446,0.7113834023475647,0.715081512928009,0.7066622972488403,0.7445451021194458,0.7064536809921265,0.735397458076477,0.7091494798660278,0.7123152613639832,0.762749433517456,0.7332719564437866,0.7160216569900513,0.6936084032058716,0.6523747444152832,0.6989739537239075,0.706877589225769,0.7251095771789551,0.7012070417404175,0.7210292220115662,0.7495011687278748,0.7457498908042908,0.7273510694503784,0.6978673338890076,0.702380359172821,0.7099472880363464,0.7271749377250671,0.6913872957229614,0.7220673561096191,0.7392489910125732,0.7335411310195923,0.7206641435623169,0.6690891981124878,0.7515683174133301,0.7044211626052856,0.7978487014770508,0.7043558955192566,0.7409386038780212,0.6995806694030762,0.7092465162277222,0.7526060938835144,0.731421947479248,0.7243910431861877,0.7124592065811157,0.6825984120368958,0.7303718328475952,0.7021490335464478,0.687419056892395,0.7358479499816895,0.738762378692627,0.6168416738510132,0.6684631109237671
古賀 太陽,0.6551565527915955,0.6415154933929443,0.658462643623352,0.6652849912643433,0.6857064962387085,0.7256094217300415,0.6762145757675171,0.6215115785598755,0.6750285625457764,0.6065114140510559,0.6560624837875366,0.6447901725769043,0.6361196637153625,0.6664748191833496,0.6757136583328247,0.640060305595398,0.6714966893196106,0.6172395944595337,0.6947821378707886,0.6916407346725464,0.6347638368606567,0.676622748374939,0.6649648547172546,0.6427257061004639,0.641527533531189,0.661226749420166,0.6549896001815796,0.6746426820755005,0.6125681400299072,0.6555527448654175,0.6510114073753357,0.6420764327049255,0.6291552782058716,0.6803045868873596,0.6872228384017944,0.6535474061965942,0.7013069987297058,0.6605913639068604,0.6651097536087036,0.6848278045654297,0.7336200475692749,0.6703380942344666,0.6711099147796631,0.6735200881958008,0.6596605181694031,0.670929491519928,0.6898093223571777,0.6382385492324829,0.6524147987365723,0.6788026690483093,0.6744524836540222,0.6040240526199341,0.665459156036377,0.6198880672454834,0.6515424251556396,0.7173527479171753,0.7097588777542114,0.6721152067184448,0.6138615608215332,0.6970112919807434,0.6886487603187561,0.6746214628219604,0.662404477596283,0.7430062294006348,0.6680899858474731,0.6403989195823669
松木 玖生,0.6879846453666687,0.6956743597984314,0.6923881769180298,0.655809223651886,0.665082573890686,0.708561897277832,0.7101943492889404,0.67825847864151,0.6967608332633972,0.641384482383728,0.700434148311615,0.6928696632385254,0.6955348253250122,0.6965090036392212,0.738497257232666,0.6813281774520874,0.6902207136154175,0.7000356912612915,0.6745623350143433,0.6984099745750427,0.762028694152832,0.7059516906738281,0.7002721428871155,0.7048871517181396,0.6851871609687805,0.7106602191925049,0.7117987275123596,0.6634499430656433,0.6508654356002808,0.7306533455848694,0.7220708131790161,0.6653772592544556,0.684681236743927,0.6789804697036743,0.7218199968338013,0.7127310633659363,0.68974769115448,0.6903635859489441,0.6660574674606323,0.7024051547050476,0.7043774724006653,0.6831890344619751,0.7029170989990234,0.6679658889770508,0.7154500484466553,0.6943020224571228,0.6711115837097168,0.7108707427978516,0.7143065333366394,0.7546893358230591,0.6741594672203064,0.7710886001586914,0.6837097406387329,0.7082880139350891,0.6862339973449707,0.6593027710914612,0.6883495450019836,0.6906359195709229,0.7559325098991394,0.6986271142959595,0.7275183796882629,0.659452497959137,0.7161350846290588,0.7047398686408997,0.5855334401130676,0.6426695585250854
大迫 勇也,0.7471551895141602,0.6579878926277161,0.745557427406311,0.7226348519325256,0.7075716853141785,0.725652813911438,0.6911255121231079,0.6822240948677063,0.720525324344635,0.6985780596733093,0.6837847232818604,0.6964133977890015,0.709417998790741,0.6843852996826172,0.7096768617630005,0.6854257583618164,0.7118813991546631,0.6868196725845337,0.7254546284675598,0.7423765063285828,0.6959665417671204,0.7127529382705688,0.7731746435165405,0.6972745060920715,0.7039697170257568,0.7043205499649048,0.7198010087013245,0.7184459567070007,0.6613427400588989,0.6951674222946167,0.702880859375,0.7495473027229309,0.6980178356170654,0.7131270170211792,0.7325263023376465,0.7183004021644592,0.7721431851387024,0.7710790038108826,0.6956079602241516,0.701938271522522,0.7072339057922363,0.7086192965507507,0.7121135592460632,0.733881950378418,0.6748602390289307,0.7195575833320618,0.7280009388923645,0.7292094230651855,0.7040680050849915,0.790876030921936,0.7683593034744263,0.6790982484817505,0.7046720385551453,0.6843677759170532,0.6973328590393066,0.7253867983818054,0.726637065410614,0.8023761510848999,0.6696921586990356,0.7211865186691284,0.754522442817688,0.7247360348701477,0.7081987261772156,0.7302526235580444,0.7451445460319519,0.7234358191490173
山岸 祐也,0.664803147315979,0.6724746823310852,0.6978825330734253,0.6770578622817993,0.6867783665657043,0.6598297953605652,0.7025410532951355,0.6412725448608398,0.6153671741485596,0.6855646371841431,0.6448317766189575,0.6229634284973145,0.6344121694564819,0.6654988527297974,0.6658211946487427,0.6502714157104492,0.6564550399780273,0.6301456093788147,0.6898676156997681,0.6955062747001648,0.6744465231895447,0.6602275967597961,0.6820520758628845,0.6857484579086304,0.6458943486213684,0.7095223665237427,0.6692513823509216,0.6335324645042419,0.6455085873603821,0.7003039121627808,0.640691339969635,0.6747618913650513,0.7232328057289124,0.6703622937202454,0.6980287432670593,0.6350468397140503,0.6626555919647217,0.6563481092453003,0.6493912935256958,0.6280384659767151,0.683116614818573,0.6667302250862122,0.6209991574287415,0.653121829032898,0.6768321394920349,0.6692821383476257,0.6993144750595093,0.6894553899765015,0.6710732579231262,0.6550241708755493,0.6983368992805481,0.7115982174873352,0.6495178937911987,0.6629639863967896,0.6722881197929382,0.6638668179512024,0.6531252264976501,0.6999889612197876,0.6697343587875366,0.6651199460029602,0.6847417950630188,0.6471076011657715,0.646851122379303,0.6748350858688354,0.6863363981246948,0.6738280057907104
森島 司,0.746015727519989,0.6888716220855713,0.6917200088500977,0.6492670774459839,0.6361715197563171,0.7117143273353577,0.7174258232116699,0.7236553430557251,0.7410919666290283,0.6954764127731323,0.7130967974662781,0.6865495443344116,0.7057496905326843,0.6842870116233826,0.7250288724899292,0.6982918977737427,0.674156665802002,0.6876531839370728,0.6845579147338867,0.6712514162063599,0.7078369855880737,0.6875473260879517,0.6703457832336426,0.6985819935798645,0.7185632586479187,0.6816802024841309,0.7368835806846619,0.6756954193115234,0.6742227673530579,0.7292181849479675,0.7012804746627808,0.6817576885223389,0.6567064523696899,0.696067214012146,0.726641058921814,0.7609504461288452,0.7000094056129456,0.686073362827301,0.6663391590118408,0.7391509413719177,0.7265865206718445,0.6793316006660461,0.6964033842086792,0.6831572651863098,0.6849420070648193,0.6685908436775208,0.6569419503211975,0.7086210250854492,0.6987527012825012,0.7442702054977417,0.6720019578933716,0.6648212671279907,0.7057827711105347,0.7170606851577759,0.6778030395507812,0.7095087170600891,0.7060251235961914,0.6676275730133057,0.7862553596496582,0.718440055847168,0.7141553163528442,0.6728978753089905,0.7498689889907837,0.7413510084152222,0.6485493183135986,0.6311646699905396
岩尾 憲,0.7063381671905518,0.6895095705986023,0.7005386352539062,0.7121224999427795,0.7299389243125916,0.7198446989059448,0.7063310146331787,0.685571014881134,0.7025226354598999,0.6972197890281677,0.6907262802124023,0.6557949185371399,0.6720405220985413,0.7002831101417542,0.6932724118232727,0.692069411277771,0.6907598972320557,0.6964083909988403,0.7229700088500977,0.6998263001441956,0.7116559743881226,0.7338576912879944,0.7040081024169922,0.693689227104187,0.6756232976913452,0.6872692108154297,0.7316379547119141,0.7268098592758179,0.6956073641777039,0.7333276271820068,0.7130993008613586,0.7036542892456055,0.6678756475448608,0.6851754188537598,0.7057293057441711,0.6972345113754272,0.718326210975647,0.7382669448852539,0.7058019638061523,0.7042873501777649,0.7232101559638977,0.676491379737854,0.6892440915107727,0.6832602024078369,0.6822394132614136,0.7062362432479858,0.7143044471740723,0.6615421175956726,0.6890453100204468,0.7384106516838074,0.6831327676773071,0.6451937556266785,0.7101410031318665,0.6835533976554871,0.7010616660118103,0.7193490862846375,0.7071247696876526,0.7147101163864136,0.7015390396118164,0.7353211641311646,0.7137039303779602,0.6830732226371765,0.7091240882873535,0.7349233627319336,0.6911005973815918,0.6877001523971558
町野 修斗,0.7691124081611633,0.6922381520271301,0.691309928894043,0.7357109785079956,0.6930539011955261,0.7261940240859985,0.7512456774711609,0.6954617500305176,0.7228388786315918,0.6788549423217773,0.6876634955406189,0.7040354609489441,0.720324695110321,0.7156742811203003,0.717676043510437,0.6856182217597961,0.7225947976112366,0.6807382702827454,0.7286672592163086,0.7804660797119141,0.7074259519577026,0.7184813618659973,0.7780874371528625,0.7541517019271851,0.6955329775810242,0.7127816677093506,0.718805730342865,0.7188278436660767,0.6584861874580383,0.7021318674087524,0.7316926121711731,0.7035557627677917,0.696684718132019,0.7367072701454163,0.7151778936386108,0.736491858959198,0.7791880369186401,0.7790786027908325,0.7219177484512329,0.7388456463813782,0.7249630689620972,0.7203682661056519,0.7315820455551147,0.7155472040176392,0.7162338495254517,0.7451133728027344,0.6983785629272461,0.7370865941047668,0.7120453119277954,0.7704764604568481,0.779852569103241,0.7057706117630005,0.7152615785598755,0.6918536424636841,0.7146357297897339,0.729336142539978,0.7391830682754517,0.82850182056427,0.7125173211097717,0.7330710887908936,0.7729032039642334,0.7222815752029419,0.7065495848655701,0.7415949106216431,0.6918538212776184,0.6623560786247253
キャスパー・ユンカー,0.6585087776184082,0.7755914926528931,0.6697180271148682,0.6758908033370972,0.6946326494216919,0.690581202507019,0.7057228684425354,0.685645580291748,0.7089401483535767,0.627164363861084,0.6801311373710632,0.6909170150756836,0.6983283758163452,0.6816244125366211,0.6844043731689453,0.6651872992515564,0.687396228313446,0.7216585874557495,0.647313117980957,0.6777227520942688,0.6955515742301941,0.6777679920196533,0.6672403216362,0.6652654409408569,0.662171483039856,0.7147210836410522,0.6982671618461609,0.6286821961402893,0.6362248063087463,0.7005434036254883,0.7081793546676636,0.6610342264175415,0.6476994156837463,0.695986270904541,0.7009111642837524,0.823876678943634,0.7003105878829956,0.7019659280776978,0.68777996301651,0.7620381116867065,0.7045753598213196,0.7048559188842773,0.679528534412384,0.6455885171890259,0.6846712827682495,0.6592293381690979,0.6448380351066589,0.6792581081390381,0.6868468523025513,0.6910948753356934,0.6384795904159546,0.6874582171440125,0.7064540982246399,0.6521323919296265,0.6683990955352783,0.6718705892562866,0.6736892461776733,0.6673388481140137,0.6552468538284302,0.722573459148407,0.7104655504226685,0.6281806826591492,0.7252674698829651,0.7223541140556335,0.6329724788665771,0.6541308164596558
ヤン・マテウス,0.6758513450622559,0.7291999459266663,0.7124276161193848,0.6773618459701538,0.7179480791091919,0.7057404518127441,0.7540068030357361,0.7430167198181152,0.7126487493515015,0.6905062794685364,0.7098041772842407,0.7132121920585632,0.7166057229042053,0.7127273678779602,0.7202903032302856,0.7033165693283081,0.7048777341842651,0.7067376375198364,0.7164481282234192,0.7037214040756226,0.729544997215271,0.7115136384963989,0.6903784871101379,0.7092215418815613,0.7002807855606079,0.7136420011520386,0.7459584474563599,0.6911943554878235,0.6870509386062622,0.7063719630241394,0.7251970171928406,0.6918128728866577,0.6653522253036499,0.7044722437858582,0.7515645027160645,0.8034636378288269,0.69869464635849,0.715048611164093,0.7223582863807678,0.7764486074447632,0.7085989713668823,0.7385431528091431,0.7091026306152344,0.6952759623527527,0.7072902917861938,0.7096871137619019,0.7090708017349243,0.706534743309021,0.6986361742019653,0.754734456539154,0.66261225938797,0.6917460560798645,0.73102867603302,0.7018839120864868,0.6624864339828491,0.715889573097229,0.688953161239624,0.6965934038162231,0.6885780096054077,0.7280806303024292,0.7032688856124878,0.6930363178253174,0.7353149652481079,0.7402774095535278,0.6205641627311707,0.6531668901443481
エドゥアルド,0.6660750508308411,0.6768555045127869,0.6715540885925293,0.6347097754478455,0.6682561635971069,0.6968828439712524,0.6483050584793091,0.649645984172821,0.6219571828842163,0.6222351789474487,0.660028338432312,0.6468604207038879,0.6448801755905151,0.6573119759559631,0.6818445920944214,0.6248564124107361,0.6624969244003296,0.6431481242179871,0.6652076244354248,0.6722866296768188,0.6488487124443054,0.7051388621330261,0.6962246894836426,0.6708755493164062,0.6649662852287292,0.7049902677536011,0.6513279676437378,0.6576513051986694,0.6459212899208069,0.6974210739135742,0.6665583848953247,0.6371762156486511,0.6738227605819702,0.6601206064224243,0.7136749029159546,0.671285092830658,0.6736650466918945,0.634964108467102,0.7077638506889343,0.632514476776123,0.6517347097396851,0.6871981024742126,0.6459884643554688,0.6477479934692383,0.7290148735046387,0.66252601146698,0.6637688875198364,0.7076483964920044,0.6767812967300415,0.6667979955673218,0.6660460233688354,0.7260028719902039,0.6211583614349365,0.7038807272911072,0.7135324478149414,0.675437867641449,0.6460930109024048,0.6647943258285522,0.6530365347862244,0.6661131978034973,0.6796711683273315,0.6429437398910522,0.6721307039260864,0.6779366731643677,0.5786171555519104,0.635211169719696
マテウス・カストロ,0.7667333483695984,0.7125774621963501,0.7044345140457153,0.707886815071106,0.7384685277938843,0.7151660919189453,0.7116954922676086,0.6921340823173523,0.7138072848320007,0.6784573793411255,0.7009856104850769,0.7028066515922546,0.7175459861755371,0.7183170318603516,0.7005801200866699,0.6778348088264465,0.7027414441108704,0.7067437171936035,0.7247965931892395,0.7736337780952454,0.70856112241745,0.728112518787384,0.7730692028999329,0.6957086324691772,0.6711300611495972,0.7218919992446899,0.7162107825279236,0.696269154548645,0.6693278551101685,0.702483594417572,0.7119981050491333,0.6943497657775879,0.6821030378341675,0.7041438221931458,0.7115153074264526,0.7638097405433655,0.7824767827987671,0.7856849431991577,0.7155748605728149,0.7224022746086121,0.7189072370529175,0.7118269205093384,0.7045251131057739,0.7097534537315369,0.6924116611480713,0.7125536203384399,0.7011840343475342,0.7161914706230164,0.6994996070861816,0.8038074374198914,0.7411085367202759,0.7032712697982788,0.7058278322219849,0.6835469007492065,0.69431471824646,0.7173575758934021,0.7403119802474976,0.8417553901672363,0.6891191601753235,0.7147535085678101,0.7803352475166321,0.6773634552955627,0.7066594958305359,0.733551025390625,0.698670506477356,0.6738191843032837
エンリケ・トレヴィザン,0.705281138420105,0.7163704633712769,0.7328398823738098,0.7070322036743164,0.6773126721382141,0.712214469909668,0.7442447543144226,0.7071367502212524,0.6830369234085083,0.7156306505203247,0.7070050239562988,0.6880467534065247,0.7010799050331116,0.6922277212142944,0.7074649333953857,0.6734750270843506,0.6930457353591919,0.6877492070198059,0.710273265838623,0.7234967947006226,0.695263147354126,0.7011950612068176,0.6951221227645874,0.6933134198188782,0.6936500072479248,0.6926852464675903,0.7312246561050415,0.6974393725395203,0.6990967988967896,0.7239329218864441,0.6777468919754028,0.7242796421051025,0.6813787221908569,0.6883925795555115,0.7249317765235901,0.7361025810241699,0.7189680933952332,0.6917051672935486,0.6914079785346985,0.7290332913398743,0.733879566192627,0.6938221454620361,0.6863034963607788,0.6703025102615356,0.6775146126747131,0.6797868013381958,0.7228316068649292,0.7017484307289124,0.7092695832252502,0.7106422185897827,0.6927568316459656,0.6770976781845093,0.7148125171661377,0.6727336049079895,0.6922195553779602,0.707844614982605,0.7144365310668945,0.7092142105102539,0.7034895420074463,0.7538532018661499,0.7097633481025696,0.6701444387435913,0.732164740562439,0.7428005337715149,0.7150932550430298,0.6608759760856628
アレクサンダー・ショルツ,0.7571131587028503,0.6406388282775879,0.7338854670524597,0.7052410244941711,0.7270359992980957,0.722690224647522,0.7449851036071777,0.6727104187011719,0.6598474383354187,0.6565038561820984,0.6726301312446594,0.6716170310974121,0.6867865324020386,0.6939423680305481,0.7251942753791809,0.698188304901123,0.6665653586387634,0.6667319536209106,0.7176348567008972,0.8095914721488953,0.6980931162834167,0.7083715200424194,0.7687783241271973,0.6891247034072876,0.6675899624824524,0.7319173216819763,0.716069757938385,0.7172330617904663,0.6459177732467651,0.6979295611381531,0.6756847500801086,0.6997639536857605,0.6797962784767151,0.7200971841812134,0.731173574924469,0.6802290081977844,0.76850426197052,0.7429839372634888,0.7081120610237122,0.6614753007888794,0.7070394158363342,0.6974469423294067,0.7081396579742432,0.7243691682815552,0.7300267219543457,0.7036451101303101,0.7096651196479797,0.7442709803581238,0.697909951210022,0.7598705291748047,0.8177714347839355,0.6957532167434692,0.6772190928459167,0.6848543286323547,0.7246421575546265,0.7261106967926025,0.7475059628486633,0.817093014717102,0.6821894645690918,0.6792920827865601,0.7610394358634949,0.65379798412323,0.666985809803009,0.7243772745132446,0.6883063316345215,0.6692312955856323
マテウス・サヴィオ,0.6765271425247192,0.7149885892868042,0.7075485587120056,0.6900463700294495,0.7127264142036438,0.7015657424926758,0.6921495199203491,0.6929339170455933,0.7179385423660278,0.6569727659225464,0.725622296333313,0.6967766880989075,0.7452027797698975,0.7106704711914062,0.7005223035812378,0.6795163154602051,0.7443143129348755,0.6833333373069763,0.694693922996521,0.7092395424842834,0.6984454989433289,0.6950153708457947,0.6761060953140259,0.6889077425003052,0.6872085332870483,0.7262810468673706,0.7222999930381775,0.6738340854644775,0.6447035074234009,0.7126448750495911,0.7123439311981201,0.6905516386032104,0.6589792370796204,0.7336578965187073,0.7297242879867554,0.7416827082633972,0.6905835270881653,0.6774155497550964,0.7114822864532471,0.7648773789405823,0.7240654230117798,0.7194486260414124,0.6987454891204834,0.6762511134147644,0.7409036755561829,0.6875714659690857,0.6893984079360962,0.7391730546951294,0.6770206689834595,0.7307318449020386,0.6980374455451965,0.7160383462905884,0.7082123756408691,0.7019643187522888,0.7553156018257141,0.6949515342712402,0.679591178894043,0.6880449056625366,0.6804884672164917,0.728240430355072,0.7042561769485474,0.6755834817886353,0.7348264455795288,0.7359434962272644,0.6645452976226807,0.6590009927749634
ファン・アラーノ,0.7055755257606506,0.6824067234992981,0.6921026706695557,0.7101110219955444,0.7179670333862305,0.7051276564598083,0.6945736408233643,0.6878091096878052,0.6692745089530945,0.6722841262817383,0.6629169583320618,0.6930572390556335,0.6698628664016724,0.6998687982559204,0.6949139833450317,0.6477514505386353,0.7250317335128784,0.6678228378295898,0.7317990660667419,0.7263039350509644,0.65687096118927,0.7135306596755981,0.712814211845398,0.6908565759658813,0.6829769611358643,0.705438494682312,0.696420431137085,0.6912326812744141,0.6807170510292053,0.6845449209213257,0.7232097387313843,0.6863118410110474,0.6643853783607483,0.6927129030227661,0.7282341122627258,0.6976754665374756,0.7147835493087769,0.7211335897445679,0.7178030610084534,0.6856337785720825,0.687962532043457,0.7364934682846069,0.7381932735443115,0.6978751420974731,0.6888822317123413,0.7155702710151672,0.7054901123046875,0.7067028880119324,0.6783920526504517,0.753695011138916,0.6786651015281677,0.6741849780082703,0.7007542252540588,0.6748784780502319,0.6942701935768127,0.7391991019248962,0.6970341801643372,0.7183570861816406,0.6356827616691589,0.7064386010169983,0.7140557765960693,0.6821666955947876,0.6872313022613525,0.7335723638534546,0.6556084752082825,0.6998986005783081
トゥーレル,0.7275993227958679,0.6277989745140076,0.6673822402954102,0.6708576083183289,0.7222880125045776,0.6845020055770874,0.7139501571655273,0.656436562538147,0.6657484173774719,0.6133519411087036,0.6378944516181946,0.6565407514572144,0.6683948636054993,0.6568273901939392,0.6839526295661926,0.6336745023727417,0.6731330752372742,0.6482833027839661,0.7133347392082214,0.7501162886619568,0.6217970252037048,0.6789401769638062,0.7337756156921387,0.6471574902534485,0.6560851335525513,0.671942949295044,0.6782289743423462,0.6979008913040161,0.6562224626541138,0.6696065664291382,0.643475353717804,0.6748548746109009,0.6530055999755859,0.7021441459655762,0.691321611404419,0.6591429710388184,0.7453083395957947,0.7267707586288452,0.687386155128479,0.6641980409622192,0.6880457997322083,0.6758647561073303,0.6713234186172485,0.6736907958984375,0.6890816688537598,0.684859573841095,0.6611246466636658,0.6993314623832703,0.6534037590026855,0.7244118452072144,0.7901045083999634,0.6934922933578491,0.6631474494934082,0.6420568227767944,0.6738660335540771,0.6876372694969177,0.717956006526947,0.7810496091842651,0.6458943486213684,0.6792512536048889,0.7236597537994385,0.6552762985229492,0.6545647382736206,0.7081876993179321,0.6436361074447632,0.6420195698738098
ディエゴ・ピトゥカ,0.666132926940918,0.6267499923706055,0.6566991806030273,0.6350111961364746,0.6226858496665955,0.6791540384292603,0.673454999923706,0.6932027339935303,0.7039582133293152,0.6719191670417786,0.6757038831710815,0.7055279612541199,0.6654642820358276,0.6463202834129333,0.6962482333183289,0.6597588658332825,0.6560147404670715,0.6853430867195129,0.6669265627861023,0.6839392781257629,0.653447687625885,0.6323891878128052,0.6849837303161621,0.6704011559486389,0.6922095417976379,0.7054840326309204,0.6650643348693848,0.6591501235961914,0.6555447578430176,0.6946447491645813,0.6515546441078186,0.668143093585968,0.6437692046165466,0.6670745611190796,0.6877081394195557,0.6858764886856079,0.6667044162750244,0.688264012336731,0.6236652135848999,0.7155479788780212,0.6911756992340088,0.6625372171401978,0.6842929124832153,0.6799003481864929,0.6838082075119019,0.6207122206687927,0.6055602431297302,0.6704649925231934,0.6838623881340027,0.6784342527389526,0.6398822069168091,0.6680870056152344,0.6674556732177734,0.667951226234436,0.670331597328186,0.6825488805770874,0.650689423084259,0.640428900718689,0.756719172000885,0.6658198237419128,0.6825623512268066,0.6476621627807617,0.7014309167861938,0.7026583552360535,0.6303833723068237,0.6497679948806763
マリウス・ホイブラーテン,0.6630754470825195,0.6945713758468628,0.6672540903091431,0.7011712789535522,0.7498626708984375,0.6628619432449341,0.6631963849067688,0.6452679634094238,0.6466920375823975,0.6573283076286316,0.6533766388893127,0.6174753904342651,0.6639116406440735,0.6890844702720642,0.6627780795097351,0.6843210458755493,0.6647325158119202,0.6636229753494263,0.7260017395019531,0.6676862835884094,0.6882166862487793,0.6642794609069824,0.6866308450698853,0.6352900266647339,0.629736065864563,0.6977261304855347,0.6955498456954956,0.7041994333267212,0.6867877840995789,0.6727550029754639,0.6788841485977173,0.6456795334815979,0.6500075459480286,0.6771401166915894,0.674893319606781,0.6797763109207153,0.6924102902412415,0.7011359333992004,0.6911857724189758,0.6396411657333374,0.6968520879745483,0.7050849795341492,0.6374296545982361,0.636447548866272,0.6757417917251587,0.6601754426956177,0.7227929830551147,0.6234391331672668,0.6337084174156189,0.6669332385063171,0.6461731195449829,0.6115185022354126,0.7088267207145691,0.6345059275627136,0.6440979242324829,0.6796938180923462,0.683713436126709,0.6670433282852173,0.6427677273750305,0.6925081014633179,0.6863714456558228,0.6427801251411438,0.6471977233886719,0.6814258694648743,0.6825322508811951,0.6781169176101685
アンデルソン・ロペス,0.7656350135803223,0.6792640686035156,0.745934009552002,0.7078620791435242,0.6934586763381958,0.7572155594825745,0.7149147987365723,0.7282806634902954,0.7363020181655884,0.6912087202072144,0.7434719800949097,0.7483586072921753,0.7683642506599426,0.7563093304634094,0.7337759733200073,0.7199668884277344,0.7457107305526733,0.740105926990509,0.7331306338310242,0.7835389375686646,0.7633823156356812,0.7664945721626282,0.7890738248825073,0.7218980193138123,0.7440733313560486,0.737004816532135,0.7460182905197144,0.7189465761184692,0.6582809090614319,0.6971205472946167,0.7406333684921265,0.743270218372345,0.6967304348945618,0.7600599527359009,0.7376488447189331,0.7729297876358032,0.7869436144828796,0.7933539152145386,0.7362604141235352,0.7522990107536316,0.7418465614318848,0.7360273003578186,0.7518447041511536,0.7427152395248413,0.7279293537139893,0.7556294798851013,0.7203951478004456,0.7803959846496582,0.7195205092430115,0.8074362874031067,0.7926324009895325,0.7473694086074829,0.7047096490859985,0.7163795232772827,0.7157518267631531,0.7404124140739441,0.7505244016647339,0.8223403692245483,0.7098573446273804,0.7437244653701782,0.7601311206817627,0.7143396139144897,0.7595646381378174,0.7551356554031372,0.7087084650993347,0.72160804271698
エウベル,0.7081272006034851,0.7321869134902954,0.6805978417396545,0.6766815781593323,0.689165472984314,0.726681113243103,0.7589166760444641,0.7025567889213562,0.709743857383728,0.6471191644668579,0.7311763167381287,0.7072369456291199,0.6953117847442627,0.70392906665802,0.7392677664756775,0.6612797379493713,0.7111461758613586,0.7098475694656372,0.7171984910964966,0.7240155339241028,0.7152906060218811,0.7222012281417847,0.698734700679779,0.6897563934326172,0.6989328265190125,0.721016526222229,0.7182412147521973,0.6590021848678589,0.6672627925872803,0.7308781147003174,0.7371131777763367,0.7109278440475464,0.6694146990776062,0.6981984376907349,0.7338417768478394,0.7622058391571045,0.7145536541938782,0.6847664713859558,0.6891367435455322,0.7677009105682373,0.7292666435241699,0.6999942660331726,0.6968870162963867,0.6674598455429077,0.7251793742179871,0.6947768330574036,0.6754792928695679,0.7044902443885803,0.712851881980896,0.7303789854049683,0.6613594889640808,0.6957664489746094,0.722226083278656,0.7016205787658691,0.7308882474899292,0.7208312749862671,0.7008776068687439,0.6758689880371094,0.6902442574501038,0.7377928495407104,0.7187736630439758,0.6610337495803833,0.7467371821403503,0.744415283203125,0.6146730184555054,0.6292552351951599
カプリーニ,0.7146506905555725,0.6915647387504578,0.6995134353637695,0.6807730793952942,0.6824654936790466,0.7307134866714478,0.7057009935379028,0.703851580619812,0.7189500331878662,0.6522048115730286,0.7388420104980469,0.7130057215690613,0.693877100944519,0.7115949392318726,0.7499915957450867,0.6949018836021423,0.7078429460525513,0.7120839357376099,0.7162907719612122,0.7179189324378967,0.7165571451187134,0.7374695539474487,0.7146748900413513,0.6838194727897644,0.7435848712921143,0.6973943114280701,0.7171519994735718,0.6841483116149902,0.6481958627700806,0.7209609746932983,0.7255390882492065,0.7018303871154785,0.6655171513557434,0.7057798504829407,0.7168734073638916,0.7283868789672852,0.7294216752052307,0.7098267078399658,0.6969367265701294,0.7396566867828369,0.7468231916427612,0.7158177495002747,0.7272294163703918,0.6877608895301819,0.7036911249160767,0.7124202847480774,0.6850182414054871,0.6941847801208496,0.7372921705245972,0.7392172813415527,0.682693600654602,0.6926425695419312,0.7325118780136108,0.6818099617958069,0.6916949152946472,0.7286100387573242,0.7153617143630981,0.6950013637542725,0.6943134069442749,0.7316802144050598,0.7339147329330444,0.6618982553482056,0.8215111494064331,0.7516026496887207,0.6390324234962463,0.6562000513076782
パトリック,0.6879377365112305,0.6921704411506653,0.7157845497131348,0.708996057510376,0.7206002473831177,0.7278732061386108,0.666130542755127,0.7047265768051147,0.7016521692276001,0.6989253759384155,0.7277094125747681,0.7115610837936401,0.7117326855659485,0.7061024904251099,0.7193202376365662,0.6899449825286865,0.7144426703453064,0.7031722068786621,0.7157439589500427,0.7011271715164185,0.7217011451721191,0.7082308530807495,0.704950213432312,0.6940438151359558,0.7160093188285828,0.7785792350769043,0.7224931120872498,0.6921361684799194,0.6847844123840332,0.70706707239151,0.7054826617240906,0.7252829074859619,0.6575030088424683,0.7108281254768372,0.6994879841804504,0.7318056225776672,0.7203688621520996,0.7241301536560059,0.7076674699783325,0.710909366607666,0.7342914342880249,0.7194284200668335,0.7118027210235596,0.6910416483879089,0.6935607194900513,0.6977335214614868,0.7003417015075684,0.7251182794570923,0.7060962915420532,0.7290383577346802,0.7055633068084717,0.7127456665039062,0.6960219144821167,0.6862334609031677,0.6999696493148804,0.7343328595161438,0.7246184349060059,0.6801267266273499,0.7029443979263306,0.7192292213439941,0.7029491662979126,0.6821258068084717,0.7385641932487488,0.7156091332435608,0.6600796580314636,0.7295209765434265
ドウグラス・ヴィエイラ,0.7792428731918335,0.6979607343673706,0.7261455655097961,0.7285343408584595,0.7294398546218872,0.707322895526886,0.7408748865127563,0.6838164329528809,0.6740309000015259,0.6982906460762024,0.688179612159729,0.6404359340667725,0.678002655506134,0.6939315795898438,0.7143937349319458,0.7038494348526001,0.6861799955368042,0.6620837450027466,0.7258644104003906,0.7939807772636414,0.6973702907562256,0.6976893544197083,0.7738636136054993,0.6876221299171448,0.6604100465774536,0.7106654644012451,0.7065392732620239,0.7247167825698853,0.689474880695343,0.7265865206718445,0.666342556476593,0.7052429914474487,0.7010794878005981,0.7025021314620972,0.7267683148384094,0.6625439524650574,0.7831588983535767,0.7508682608604431,0.720829963684082,0.6662171483039856,0.6993395090103149,0.6868726015090942,0.6765915751457214,0.7114673852920532,0.7127200961112976,0.7039809226989746,0.7335793375968933,0.7093445062637329,0.7100794315338135,0.7495197653770447,0.7928209900856018,0.7131384015083313,0.7009502649307251,0.6892251968383789,0.6874384880065918,0.7190549969673157,0.7232272028923035,0.8458195924758911,0.6674229502677917,0.7229247689247131,0.7925130128860474,0.6771222352981567,0.6863769888877869,0.7327157258987427,0.717551052570343,0.7084878087043762
脇坂 泰斗,0.7218195199966431,0.6455093622207642,0.7063102722167969,0.7043789625167847,0.707598090171814,0.7489071488380432,0.6693140268325806,0.6895596385002136,0.7276955842971802,0.6545003056526184,0.7010799646377563,0.7266934514045715,0.7033669352531433,0.7196844816207886,0.7197235226631165,0.6657239198684692,0.7020120620727539,0.7059529423713684,0.7572411894798279,0.7214170098304749,0.6965144872665405,0.7354332804679871,0.7442445158958435,0.7032849192619324,0.7118867635726929,0.7391150593757629,0.7078522443771362,0.7334429621696472,0.6688448190689087,0.6850900650024414,0.6941874623298645,0.7031791806221008,0.6828086376190186,0.7406524419784546,0.7305801510810852,0.7404595613479614,0.765311062335968,0.7185075879096985,0.7061846852302551,0.720687985420227,0.7724124789237976,0.7232521772384644,0.7466030716896057,0.7682107090950012,0.6956163644790649,0.7413442730903625,0.6979038119316101,0.719542920589447,0.7211397290229797,0.7291471362113953,0.728069007396698,0.7153940200805664,0.6781429052352905,0.670357882976532,0.7009760141372681,0.7636314034461975,0.7732581496238708,0.7231041193008423,0.6746313571929932,0.7173975706100464,0.7174851298332214,0.7393450140953064,0.6967876553535461,0.7306944727897644,0.6645188331604004,0.7010008692741394
鳥海 晃司,0.6355017423629761,0.6540345549583435,0.7205317616462708,0.6563094854354858,0.7188336253166199,0.7254639863967896,0.7140370607376099,0.6612816452980042,0.6990135908126831,0.6391582489013672,0.6879144906997681,0.6753667593002319,0.6707687377929688,0.7028166651725769,0.7665528059005737,0.7104858160018921,0.6691034436225891,0.6650165319442749,0.6665455102920532,0.7510530948638916,0.7306795716285706,0.6848624348640442,0.6794432997703552,0.6791195869445801,0.674164891242981,0.7014371156692505,0.7398005723953247,0.6835300326347351,0.6236541867256165,0.7298169136047363,0.7082000970840454,0.7325438261032104,0.7218182682991028,0.6737866401672363,0.7068160176277161,0.6975123882293701,0.7219350934028625,0.6825463175773621,0.6752394437789917,0.6910115480422974,0.6817358136177063,0.6651939153671265,0.6768999695777893,0.6758619546890259,0.7360385656356812,0.7159595489501953,0.7514649629592896,0.7060149312019348,0.659176766872406,0.7207998037338257,0.6971774101257324,0.6863950490951538,0.7086790800094604,0.6921922564506531,0.7462497353553772,0.6796888113021851,0.6769685745239258,0.6656203866004944,0.7014495134353638,0.7149618864059448,0.669123113155365,0.6743342280387878,0.6900753974914551,0.7005873918533325,0.7138106226921082,0.6608211398124695
藤井 陽也,0.7418814897537231,0.7025888562202454,0.7021465301513672,0.7066314816474915,0.6971923112869263,0.7184075117111206,0.7627888917922974,0.6810091733932495,0.6920042037963867,0.666679859161377,0.6851361989974976,0.686333954334259,0.7364473938941956,0.70587158203125,0.73198401927948,0.6849398612976074,0.6828555464744568,0.6894606351852417,0.751455545425415,0.7546497583389282,0.6832956075668335,0.7270141839981079,0.7439526319503784,0.707720160484314,0.6715768575668335,0.717877984046936,0.7108446359634399,0.7080763578414917,0.68700110912323,0.719243049621582,0.7253325581550598,0.6772770285606384,0.703529953956604,0.7086896300315857,0.7334000468254089,0.6794486045837402,0.7277554869651794,0.7305651903152466,0.6934277415275574,0.6907253861427307,0.723336398601532,0.7223933935165405,0.7048844695091248,0.6898786425590515,0.7037386894226074,0.7051041722297668,0.6979935765266418,0.7568421363830566,0.7211686372756958,0.7315903902053833,0.7420578598976135,0.6998714208602905,0.7015628814697266,0.698577344417572,0.6961799263954163,0.7198519706726074,0.7816677689552307,0.749220073223114,0.6553965210914612,0.7108840942382812,0.7436335682868958,0.6965311169624329,0.6934200525283813,0.7408816814422607,0.7095667123794556,0.6364399790763855
金子 拓郎,0.7825790643692017,0.692568302154541,0.7064304351806641,0.7063996195793152,0.6805227994918823,0.7389265298843384,0.6819450259208679,0.6993875503540039,0.6911312937736511,0.7163926959037781,0.7025830149650574,0.7051181793212891,0.7028657793998718,0.70771723985672,0.7384651899337769,0.6924927830696106,0.6925396919250488,0.709936797618866,0.7442706823348999,0.6867822408676147,0.7088122963905334,0.7443007230758667,0.7194296717643738,0.7079254984855652,0.7026709318161011,0.7028008699417114,0.7221537828445435,0.7229520678520203,0.6629655361175537,0.8282844424247742,0.7196822762489319,0.6888172030448914,0.6891793012619019,0.7016509175300598,0.7030346989631653,0.7024728059768677,0.7206970453262329,0.723926305770874,0.6874146461486816,0.6816229820251465,0.7226441502571106,0.7259146571159363,0.7384330630302429,0.7192586660385132,0.6953662037849426,0.7895288467407227,0.6978611946105957,0.7008073925971985,0.7828726768493652,0.7079976797103882,0.6957560777664185,0.69377601146698,0.6978117227554321,0.6737935543060303,0.6866917610168457,0.7212356328964233,0.7182925939559937,0.6789456605911255,0.6884096264839172,0.71815425157547,0.7687801122665405,0.6947431564331055,0.7377250790596008,0.7360180020332336,0.657691478729248,0.7427347302436829
満田 誠,0.6869779825210571,0.6731065511703491,0.7061077952384949,0.6557080149650574,0.6714857220649719,0.6960474848747253,0.6878554224967957,0.6979113221168518,0.7032061219215393,0.7050737738609314,0.6901137232780457,0.7126352787017822,0.6985764503479004,0.7089400291442871,0.7465389966964722,0.6836527585983276,0.6859735250473022,0.698884904384613,0.711054265499115,0.6850792765617371,0.7047370672225952,0.7166668176651001,0.6910003423690796,0.7008938789367676,0.7186369895935059,0.6695188283920288,0.7190423607826233,0.6863549947738647,0.6827208399772644,0.6990540623664856,0.7059890031814575,0.6687717437744141,0.6679731607437134,0.6901850700378418,0.7256450057029724,0.7102857828140259,0.6904174089431763,0.7161495089530945,0.6730446219444275,0.7141551971435547,0.7017763257026672,0.6611658334732056,0.7018914222717285,0.7166096568107605,0.6624799370765686,0.7067447900772095,0.66949063539505,0.7136639356613159,0.7129518389701843,0.7357423901557922,0.6695624589920044,0.692357063293457,0.6963210701942444,0.7166922688484192,0.6856748461723328,0.7082773447036743,0.6912965774536133,0.6839081048965454,0.6953751444816589,0.7089154720306396,0.7140883207321167,0.6851040124893188,0.7378993630409241,0.7102961540222168,0.6303080320358276,0.6441740989685059
荒木 隼人,0.7100887894630432,0.6925028562545776,0.6910477876663208,0.6788004040718079,0.7241811156272888,0.7003177404403687,0.7307564616203308,0.7035107612609863,0.6411170959472656,0.6605151891708374,0.6885584592819214,0.6493721008300781,0.660442054271698,0.6933690905570984,0.7302025556564331,0.6587279438972473,0.6603418588638306,0.6486072540283203,0.7044483423233032,0.7704347372055054,0.666635274887085,0.7003273963928223,0.6995781064033508,0.6980538964271545,0.7387822866439819,0.7377665638923645,0.7164517641067505,0.6956113576889038,0.6770913004875183,0.7396126985549927,0.6519026756286621,0.7035019397735596,0.6898723840713501,0.693806529045105,0.7495632767677307,0.6499210000038147,0.705203652381897,0.6794518828392029,0.6645557284355164,0.6729517579078674,0.7002283930778503,0.6442707777023315,0.6611678004264832,0.6628895401954651,0.7290831804275513,0.7089501619338989,0.6689978241920471,0.7226020693778992,0.7681348323822021,0.6814974546432495,0.7046390175819397,0.7312049269676208,0.6958439946174622,0.6766844391822815,0.7446759343147278,0.7160365581512451,0.6832799315452576,0.7077321410179138,0.6812387108802795,0.6796897053718567,0.7061245441436768,0.6804853677749634,0.7011243104934692,0.7152423858642578,0.6467227935791016,0.6304052472114563
関川 郁万,0.7262829542160034,0.6916793584823608,0.6651256680488586,0.6736370921134949,0.6879759430885315,0.7029387354850769,0.7609018087387085,0.6880087852478027,0.7011984586715698,0.6476039886474609,0.6830648183822632,0.6935855746269226,0.7347986698150635,0.692154049873352,0.709459125995636,0.6776846647262573,0.6624175310134888,0.6896344423294067,0.7181708216667175,0.7095093727111816,0.6717618703842163,0.6904370188713074,0.7158276438713074,0.6613996624946594,0.699270486831665,0.6824672818183899,0.7116186022758484,0.6658794283866882,0.6844682693481445,0.7325344085693359,0.6717944741249084,0.6730705499649048,0.6648934483528137,0.7129727005958557,0.7191173434257507,0.7111671566963196,0.7607312798500061,0.7133519053459167,0.6798359751701355,0.7124267816543579,0.7952653765678406,0.675175130367279,0.7050709128379822,0.6965145468711853,0.6886396408081055,0.6939438581466675,0.6614541411399841,0.7536522150039673,0.702996015548706,0.7150652408599854,0.7200741767883301,0.7100839614868164,0.6772469282150269,0.6823157072067261,0.6839683055877686,0.7073273062705994,0.7531319856643677,0.7257695198059082,0.6782401204109192,0.707970917224884,0.789141833782196,0.7165020704269409,0.7188671827316284,0.7267476916313171,0.7185469269752502,0.6423283815383911
鈴木 優磨,0.7018951177597046,0.6874074935913086,0.7179695963859558,0.6956086158752441,0.6661690473556519,0.7468622922897339,0.6888707876205444,0.7171000838279724,0.7209054827690125,0.6769486665725708,0.697085440158844,0.7254496812820435,0.7158515453338623,0.7131217122077942,0.7639139890670776,0.6703465580940247,0.7040294408798218,0.7144068479537964,0.7189667224884033,0.6869521737098694,0.717682421207428,0.7392559051513672,0.6959973573684692,0.7408753037452698,0.7524148225784302,0.7220742702484131,0.7326260805130005,0.7058038711547852,0.6609891653060913,0.707820475101471,0.7148634791374207,0.7317508459091187,0.687730610370636,0.7231785655021667,0.7191320657730103,0.743884801864624,0.789020299911499,0.7005773782730103,0.7083662152290344,0.7137925028800964,0.7205831408500671,0.7144763469696045,0.7293463945388794,0.7373403310775757,0.6856557726860046,0.7360563278198242,0.6610496640205383,0.7223931550979614,0.7383725643157959,0.7845414280891418,0.7033361196517944,0.7331742644309998,0.7321569323539734,0.7234321236610413,0.7026647329330444,0.7401755452156067,0.7204306721687317,0.6890478730201721,0.7146003246307373,0.7312793731689453,0.7053126096725464,0.7041148543357849,0.7389849424362183,0.7408626675605774,0.6158226728439331,0.6783900856971741
香川 真司,0.6439507603645325,0.6830865740776062,0.6963950395584106,0.6697633266448975,0.7051070928573608,0.696334719657898,0.6347171068191528,0.6517910957336426,0.6295520067214966,0.6546117067337036,0.652697741985321,0.65911465883255,0.6436083912849426,0.6956583857536316,0.6927456855773926,0.6281528472900391,0.6634580492973328,0.6559659838676453,0.6709432601928711,0.6547947525978088,0.6838370561599731,0.7002317905426025,0.6281276941299438,0.629399299621582,0.6288159489631653,0.681704044342041,0.6994320154190063,0.6962601542472839,0.6800224184989929,0.6511419415473938,0.6490862369537354,0.6636253595352173,0.6850502490997314,0.6649236083030701,0.6568573117256165,0.6512937545776367,0.7022731900215149,0.6373974680900574,0.6818519234657288,0.6537274122238159,0.6711201667785645,0.667437732219696,0.6717710494995117,0.6739086508750916,0.6498318910598755,0.6736879944801331,0.7156052589416504,0.6475051045417786,0.6658123135566711,0.6596946716308594,0.6846604943275452,0.6689482927322388,0.6892930269241333,0.6654322743415833,0.659264326095581,0.6775814890861511,0.6696999669075012,0.6587164998054504,0.6593855619430542,0.699911892414093,0.6491501927375793,0.6292353272438049,0.6597222685813904,0.6879394054412842,0.6269724369049072,0.6317132115364075
野津田 岳人,0.6763602495193481,0.6665869951248169,0.6818501353263855,0.6819837689399719,0.6724950671195984,0.6837830543518066,0.6301263570785522,0.6170392036437988,0.6455895304679871,0.6140968203544617,0.655726432800293,0.6477558016777039,0.6458574533462524,0.6926604509353638,0.6629725694656372,0.6384735107421875,0.6730753183364868,0.6081229448318481,0.6677500009536743,0.6627901196479797,0.6616647839546204,0.6886627674102783,0.662567138671875,0.6754958629608154,0.647086501121521,0.6699449419975281,0.6633129119873047,0.6948784589767456,0.6311682462692261,0.6891477704048157,0.6543206572532654,0.6602939367294312,0.6481484770774841,0.677207350730896,0.6576076745986938,0.653332531452179,0.6745041012763977,0.6723227500915527,0.6825684309005737,0.6198746562004089,0.6621297597885132,0.7034550309181213,0.6850309371948242,0.6643210649490356,0.6569784879684448,0.6896662712097168,0.6984974145889282,0.6593831777572632,0.6750184297561646,0.6619863510131836,0.6628208756446838,0.6631690263748169,0.6694136261940002,0.6586938500404358,0.6565276980400085,0.6933618783950806,0.6724535226821899,0.662286102771759,0.6477615237236023,0.6697863340377808,0.6679756045341492,0.6610817313194275,0.6404377222061157,0.7081742882728577,0.6273418664932251,0.6552934050559998
紺野 和也,0.6657983064651489,0.652050793170929,0.6460078954696655,0.6460989117622375,0.6512418985366821,0.6713746786117554,0.6396306157112122,0.669110894203186,0.6922173500061035,0.682137131690979,0.6444721817970276,0.6702526211738586,0.6318410634994507,0.6548144817352295,0.6773964762687683,0.6408239603042603,0.6950039863586426,0.6627483367919922,0.6832234263420105,0.6591331958770752,0.6600894927978516,0.6691145300865173,0.6679779887199402,0.6549943685531616,0.6527865529060364,0.6701839566230774,0.6874024868011475,0.6552497744560242,0.6186903715133667,0.6779156923294067,0.6597334146499634,0.6479860544204712,0.6629756093025208,0.6758162379264832,0.7055257558822632,0.6781641244888306,0.6956703066825867,0.6996606588363647,0.6819870471954346,0.7017037272453308,0.6926207542419434,0.6533467173576355,0.6816114783287048,0.6513047218322754,0.6443037390708923,0.7327260971069336,0.6525351405143738,0.6336676478385925,0.6634830236434937,0.698489785194397,0.6474324464797974,0.6561682820320129,0.6835812330245972,0.6349058151245117,0.6615285873413086,0.6706954836845398,0.6674731969833374,0.6564381718635559,0.6562908887863159,0.7088056206703186,0.689434826374054,0.6385096311569214,0.7015808820724487,0.7159042358398438,0.6489991545677185,0.6969276666641235
稲垣 祥,0.6862665414810181,0.6797047853469849,0.6772012710571289,0.6766952276229858,0.7179728746414185,0.7194569706916809,0.6997183561325073,0.7093388438224792,0.7143338918685913,0.6674093008041382,0.6951325535774231,0.6887825727462769,0.7030285000801086,0.7140734791755676,0.6933500170707703,0.7045262455940247,0.6718186140060425,0.7001929879188538,0.7072303295135498,0.6673822999000549,0.724531352519989,0.6932492852210999,0.6754279136657715,0.687987208366394,0.6925973296165466,0.7155249714851379,0.7062727212905884,0.7226114273071289,0.6637596487998962,0.7107535600662231,0.6916636824607849,0.6935412883758545,0.6630138158798218,0.6914868354797363,0.7033532857894897,0.7122048735618591,0.7118420600891113,0.7042232751846313,0.6841332316398621,0.7301250696182251,0.739536464214325,0.702218234539032,0.698333740234375,0.6647189855575562,0.6801549792289734,0.7051988840103149,0.7084702253341675,0.6817573308944702,0.6779851913452148,0.7004088163375854,0.6804421544075012,0.6897323131561279,0.7035795450210571,0.6677167415618896,0.6459240913391113,0.7290922999382019,0.7273496389389038,0.6916473507881165,0.725122332572937,0.7084604501724243,0.6932820081710815,0.6655769944190979,0.7346903681755066,0.7246915698051453,0.6821218729019165,0.7113243937492371
